tissue,direction,go_id,term,selected_genes,term_size,overlap,p,genes,fdr
root,up,GO:0010200,response to chitin,211,121,21,6.5068366379044835e-21,"AT1G27730,AT1G32640,AT1G80840,AT2G35930,AT3G23250,AT3G45640,AT3G46620,AT3G49530,AT3G50060,AT3G55980,AT3G56400,AT4G18880,AT4G31800,AT4G34410,AT5G04340,AT5G27420,AT5G47220,AT5G49520,AT5G59820,AT5G64660,AT5G66070",1.3208878374946101e-18
root,up,GO:0009611,response to wounding,211,180,20,4.86362804186287e-16,"AT1G17380,AT1G19180,AT1G27730,AT1G30135,AT1G32640,AT1G61340,AT1G72920,AT1G73500,AT1G74930,AT1G76650,AT1G80840,AT2G30020,AT3G44260,AT3G45640,AT3G56700,AT3G61190,AT4G11280,AT5G06320,AT5G42650,AT5G59820",4.936582462490813e-14
shoot,up,GO:2000762,regulation of phenylpropanoid metabolic process,58,7,5,1.955606328778223e-12,"AT1G15670,AT1G80440,AT2G44130,AT3G59940,AT4G38620",1.3884804934325382e-10
root,up,GO:0009751,response to salicylic acid,211,141,15,4.733975740108531e-12,"AT1G21910,AT1G28480,AT1G49010,AT1G61340,AT1G80840,AT2G16720,AT2G40000,AT2G40750,AT2G47190,AT3G50060,AT3G56400,AT3G61190,AT4G31800,AT4G34990,AT5G06320",3.203323584140106e-10
root,up,GO:0009753,response to jasmonic acid,211,147,11,1.418087795195418e-07,"AT1G17380,AT1G19180,AT1G21910,AT1G32640,AT1G49010,AT1G61340,AT3G23250,AT3G56400,AT4G11280,AT4G34990,AT5G42650",7.196795560616747e-06
root,up,GO:0009873,ethylene-activated signaling pathway,211,155,11,2.428956371579158e-07,"AT1G13260,AT1G21910,AT1G22810,AT1G33760,AT1G44830,AT1G73500,AT1G74930,AT1G77640,AT4G34410,AT5G47220,AT5G61600",9.213166993413653e-06
root,up,GO:0002237,response to molecule of bacterial origin,211,16,5,2.723103544851326e-07,"AT1G80840,AT3G50930,AT4G31800,AT5G24590,AT5G26920",9.213166993413653e-06
root,up,GO:0031347,regulation of defense response,211,56,7,8.830676515559813e-07,"AT1G17380,AT1G19180,AT1G30135,AT1G80840,AT2G40750,AT3G56400,AT4G31800",2.560896189512346e-05
root,up,GO:0045893,"positive regulation of transcription, DNA-templated",211,181,11,1.1418653223544702e-06,"AT1G21910,AT1G32640,AT1G73500,AT2G42380,AT2G47190,AT4G18880,AT4G25490,AT5G05410,AT5G47220,AT5G49520,AT5G61600",2.897483255474468e-05
root,up,GO:0001944,vasculature development,211,23,5,1.988927710114777e-06,"AT1G74930,AT4G11280,AT4G34410,AT5G47220,AT5G61600",4.4861369461477745e-05
root,up,GO:0050832,defense response to fungus,211,199,11,2.8804934007964295e-06,"AT1G15010,AT1G51090,AT1G80840,AT2G30020,AT2G30770,AT3G52400,AT3G56400,AT4G31800,AT4G34410,AT5G42650,AT5G61600",5.8474016036167514e-05
root,up,GO:0009409,response to cold,211,291,13,3.836950602324166e-06,"AT1G27730,AT2G18880,AT3G08720,AT3G45640,AT3G50310,AT3G61190,AT4G17090,AT4G25470,AT4G25490,AT4G34150,AT5G37770,AT5G57560,AT5G59820",7.080917929743689e-05
root,up,GO:0009617,response to bacterium,211,96,7,3.310943146370179e-05,"AT1G61340,AT2G30770,AT3G45640,AT3G50930,AT5G06320,AT5G26920,AT5G49520",0.0005362447579475777
root,up,GO:0042742,defense response to bacterium,211,259,11,3.434079730698773e-05,"AT1G19180,AT1G80840,AT2G05940,AT2G30770,AT3G44260,AT3G56400,AT4G31800,AT5G06320,AT5G22250,AT5G26920,AT5G49520",0.0005362447579475777
root,up,GO:0009816,"defense response to bacterium, incompatible interaction",211,41,5,3.86377173013017e-05,"AT2G40000,AT3G56710,AT5G06320,AT5G26920,AT5G27420",0.0005602469008688746
shoot,up,GO:0006071,glycerol metabolic process,58,21,3,2.066880936204045e-05,"AT3G02040,AT5G08030,AT5G41080",0.000733742732352436
root,up,GO:0010120,camalexin biosynthetic process,211,10,3,9.184158256011818e-05,"AT1G73500,AT2G30770,AT3G45640",0.0011652400787314993
root,up,GO:0009612,response to mechanical stimulus,211,10,3,9.184158256011818e-05,"AT4G11280,AT5G37770,AT5G57560",0.0011652400787314993
hypocotyl,up,GO:0009751,response to salicylic acid,85,141,6,1.5497723005072337e-05,"AT1G18570,AT1G28480,AT2G16720,AT3G11440,AT4G09460,AT4G38620",0.0013483019014412932
hypocotyl,down,GO:0009718,anthocyanin-containing compound biosynthetic process,71,18,3,2.346571497215356e-05,"AT1G56650,AT4G14090,AT5G54060",0.0019476543426887455
root,up,GO:0009414,response to water deprivation,211,260,10,0.00017616495218774478,"AT1G12610,AT1G27730,AT2G35930,AT2G41010,AT2G47190,AT3G46620,AT3G50310,AT4G25490,AT5G05410,AT5G45340",0.0021036167820065992
shoot,up,GO:0030643,cellular phosphate ion homeostasis,58,6,2,9.65316488902157e-05,"AT3G02040,AT5G41080",0.0022845823570684385
root,up,GO:1903507,negative regulation of nucleic acid-templated transcription,211,13,3,0.00021440062422934075,"AT1G17380,AT1G19180,AT1G30135",0.002417962595475343
root,up,GO:0010224,response to UV-B,211,62,5,0.0002846404186556448,"AT1G35210,AT3G45640,AT5G05410,AT5G26920,AT5G59820",0.003041158157215573
root,up,GO:0009651,response to salt stress,211,448,13,0.00032094256659830533,"AT1G12610,AT1G27730,AT1G49010,AT1G61340,AT1G73500,AT2G16720,AT2G41010,AT2G47190,AT3G08720,AT3G23250,AT3G25780,AT3G50310,AT4G34990",0.003257567050972799
root,up,GO:0009867,jasmonic acid mediated signaling pathway,211,36,4,0.00034467544736043376,"AT1G19180,AT1G28480,AT1G32640,AT3G52400",0.0033318626578175262
root,up,GO:0009408,response to heat,211,143,7,0.0004015032171858546,"AT1G12610,AT3G08720,AT3G61190,AT5G05410,AT5G37770,AT5G57560,AT5G59820",0.0036106519919916723
root,up,GO:0009620,response to fungus,211,67,5,0.0004090886493389579,"AT1G73500,AT2G30020,AT3G25780,AT5G26920,AT5G42650",0.0036106519919916723
root,up,GO:0009863,salicylic acid mediated signaling pathway,211,17,3,0.0004958951725191039,"AT1G28480,AT3G50930,AT3G52400",0.004194446667557421
root,up,GO:0045892,"negative regulation of transcription, DNA-templated",211,111,6,0.0006201188035838181,"AT1G03770,AT1G13260,AT1G27730,AT1G80840,AT2G36050,AT3G56400",0.005035364685100603
whole plant,down,GO:0009725,response to hormone,32,24,2,0.0005261539442325421,"AT1G75940,AT2G44480",0.0074282126242843464
whole plant,down,GO:0019762,glucosinolate catabolic process,32,25,2,0.0005714009710987959,"AT1G75940,AT2G44480",0.0074282126242843464
shoot,up,GO:0009751,response to salicylic acid,58,141,4,0.00047500724096823625,"AT3G45860,AT4G09460,AT4G37260,AT4G38620",0.008431378527186194
root,up,GO:2000022,regulation of jasmonic acid mediated signaling pathway,211,22,3,0.0010850698758080562,"AT1G17380,AT1G19180,AT1G30135",0.008471891722655207
root,up,GO:0080142,regulation of salicylic acid biosynthetic process,211,6,2,0.001270588475584105,"AT3G09830,AT5G26920",0.00955294298309531
root,up,GO:0006887,exocytosis,211,52,4,0.001410016729380025,"AT1G61290,AT3G09530,AT3G52400,AT5G58430",0.01022262128800518
hypocotyl,up,GO:0009753,response to jasmonic acid,85,147,5,0.0002352267444480811,"AT1G06160,AT1G18570,AT2G34600,AT4G09460,AT4G38620",0.010232363383491528
hypocotyl,up,GO:0006357,regulation of transcription from RNA polymerase II promoter,85,170,5,0.00045911986989647876,"AT1G18570,AT2G16720,AT3G11440,AT4G09460,AT4G38620",0.013314476226997884
hypocotyl,down,GO:0031540,regulation of anthocyanin biosynthetic process,71,9,2,0.0003456322641299771,"AT1G56650,AT5G13930",0.014343738961394051
hypocotyl,down,GO:0010100,negative regulation of photomorphogenesis,71,12,2,0.0006298027579282448,"AT2G31380,AT4G38960",0.017424542969348106
hypocotyl,down,GO:0009698,phenylpropanoid metabolic process,71,16,2,0.001135820668985875,"AT4G14090,AT5G17050",0.021325193861482312
hypocotyl,down,GO:0006032,chitin catabolic process,71,17,2,0.0012846502326194164,"AT2G43620,AT4G01700",0.021325193861482312
hypocotyl,down,GO:0042744,hydrogen peroxide catabolic process,71,73,3,0.00158045268030897,"AT2G37130,AT5G64110,AT5G64120",0.021862928744274087
hypocotyl,down,GO:0048511,rhythmic process,71,22,2,0.0021599728905751735,"AT2G37130,AT5G64120",0.024494219733106
hypocotyl,down,GO:0016998,cell wall macromolecule catabolic process,71,23,2,0.002360888648974072,"AT2G43620,AT4G01700",0.024494219733106
root,up,GO:0009741,response to brassinosteroid,211,33,3,0.003564943420591418,"AT1G13260,AT4G08950,AT5G57560",0.024954603944139925
root,up,GO:0009864,"induced systemic resistance, jasmonic acid mediated signaling pathway",211,10,2,0.0037189635791960865,"AT3G56400,AT5G47220",0.02516498688589352
root,up,GO:1900056,negative regulation of leaf senescence,211,11,2,0.004517530450151903,"AT2G40750,AT3G56400",0.029582538109059236
hypocotyl,down,GO:0050832,defense response to fungus,71,199,4,0.0035827216252487257,"AT1G56650,AT2G37130,AT4G01700,AT5G64120",0.033040654988404916
root,up,GO:0051865,protein autoubiquitination,211,12,2,0.005387823338423287,"AT2G35930,AT3G46620",0.03417900430312273
root,up,GO:0009723,response to ethylene,211,121,5,0.0056179065588289785,"AT2G47190,AT3G23250,AT3G50060,AT4G11280,AT4G34990",0.03455863731643281
shoot,up,GO:0030162,regulation of proteolysis,58,30,2,0.00269075244846318,"AT1G15670,AT1G80440",0.03820868476817716
shoot,up,GO:0009741,response to brassinosteroid,58,33,2,0.0032499320388298305,"AT1G13260,AT2G44080",0.038457529126152995
root,up,GO:0010411,xyloglucan metabolic process,211,41,3,0.006594993811427069,"AT3G62720,AT4G25810,AT5G57560",0.03937599246234397
root,down,GO:0010380,regulation of chlorophyll biosynthetic process,55,15,2,0.0005987764179370046,"AT1G20780,AT3G22840",0.041315572837653324
root,up,GO:0009631,cold acclimation,211,46,3,0.009077121106888087,"AT4G25470,AT4G25490,AT5G59820",0.05264730241995091
root,up,GO:0009733,response to auxin,211,256,7,0.010509561013619816,"AT1G49010,AT2G37030,AT3G23250,AT4G11280,AT5G37770,AT5G54490,AT5G57560",0.05907288341490193
root,up,GO:0002213,defense response to insect,211,17,2,0.010766978750499366,"AT1G74930,AT3G44260",0.05907288341490193
shoot,up,GO:0009753,response to jasmonic acid,58,147,3,0.006412873381915937,"AT4G09460,AT4G37260,AT4G38620",0.0650448585880045
hypocotyl,down,GO:0009733,response to auxin,71,256,4,0.008645921800055646,"AT1G56650,AT2G46990,AT4G12550,AT5G13930",0.07176115094046186
root,up,GO:0006979,response to oxidative stress,211,273,7,0.014536721184255603,"AT1G13340,AT1G27730,AT2G40000,AT3G28340,AT3G45640,AT4G11280,AT5G59820",0.07765669474747072
hypocotyl,down,GO:0006979,response to oxidative stress,71,273,4,0.010762812165062354,"AT2G37130,AT5G13930,AT5G64110,AT5G64120",0.08121030997274323
hypocotyl,down,GO:0010224,response to UV-B,71,62,2,0.01630913452509168,"AT3G17610,AT5G13930",0.08174005493715097
hypocotyl,down,GO:0052696,flavonoid glucuronidation,71,63,2,0.016810024829114745,"AT5G17050,AT5G54060",0.08174005493715097
hypocotyl,down,GO:0042732,D-xylose metabolic process,71,6,1,0.01871157884103456,AT5G54060,0.08174005493715097
hypocotyl,down,GO:0071421,manganese ion transmembrane transport,71,6,1,0.01871157884103456,AT1G21140,0.08174005493715097
hypocotyl,down,GO:0042938,dipeptide transport,71,6,1,0.01871157884103456,AT2G38100,0.08174005493715097
hypocotyl,down,GO:0006880,intracellular sequestering of iron ion,71,6,1,0.01871157884103456,AT1G21140,0.08174005493715097
hypocotyl,down,GO:0007219,Notch signaling pathway,71,6,1,0.01871157884103456,AT3G52650,0.08174005493715097
hypocotyl,down,GO:0009939,positive regulation of gibberellic acid mediated signaling pathway,71,6,1,0.01871157884103456,AT1G07430,0.08174005493715097
shoot,up,GO:0006357,regulation of transcription from RNA polymerase II promoter,58,170,3,0.009542489704731087,"AT4G09460,AT4G37260,AT4G38620",0.0846895961294884
whole plant,down,GO:0006370,7-methylguanosine mRNA capping,32,7,1,0.009874722705355289,AT5G28210,0.08558093011307917
hypocotyl,down,GO:0071368,cellular response to cytokinin stimulus,71,7,1,0.021796435068720487,AT5G54060,0.08614781479541907
hypocotyl,down,GO:0046283,anthocyanin-containing compound metabolic process,71,7,1,0.021796435068720487,AT1G56650,0.08614781479541907
root,up,GO:0009695,jasmonic acid biosynthetic process,211,22,2,0.017737953444136218,"AT3G25780,AT5G42650",0.09232832177332441
hypocotyl,down,GO:2000033,regulation of seed dormancy process,71,8,1,0.02487172966268616,AT5G45830,0.09383425281831598
root,up,GO:0009814,"defense response, incompatible interaction",211,23,2,0.019309255320869023,"AT3G49530,AT5G27420",0.09560436171064418
root,up,GO:0009451,RNA modification,211,23,2,0.019309255320869023,"AT3G44260,AT5G22250",0.09560436171064418
shoot,up,GO:0046345,abscisic acid catabolic process,58,5,1,0.012772349353988213,AT3G21780,0.09567136816575726
shoot,up,GO:0042787,protein ubiquitination involved in ubiquitin-dependent protein catabolic process,58,72,2,0.01475816143935858,"AT1G15670,AT1G80440",0.09567136816575726
shoot,up,GO:0009267,cellular response to starvation,58,6,1,0.015307512895007808,AT5G49450,0.09567136816575726
shoot,up,GO:0016131,brassinosteroid metabolic process,58,7,1,0.017836278192864343,AT2G36790,0.09567136816575726
shoot,up,GO:0071333,cellular response to glucose stimulus,58,7,1,0.017836278192864343,AT5G49450,0.09567136816575726
shoot,up,GO:0043161,proteasome-mediated ubiquitin-dependent protein catabolic process,58,82,2,0.018864776821416924,"AT1G15670,AT1G80440",0.09567136816575726
root,up,GO:0048278,vesicle docking,211,24,2,0.02093676690046479,"AT1G61290,AT3G52400",0.09982000562523326
root,up,GO:0009737,response to abscisic acid,211,363,8,0.02118055172843278,"AT1G27730,AT1G32640,AT1G61340,AT2G47190,AT3G46620,AT4G34990,AT5G27420,AT5G37770",0.09982000562523326
root,up,GO:0006357,regulation of transcription from RNA polymerase II promoter,211,170,5,0.021921559939733888,"AT2G16720,AT2G47190,AT3G23250,AT3G50060,AT4G34990",0.09982000562523326
root,up,GO:0070417,cellular response to cold,211,25,2,0.022619311619510984,"AT2G18880,AT3G49530",0.09982000562523326
root,up,GO:0009693,ethylene biosynthetic process,211,25,2,0.022619311619510984,"AT1G73500,AT4G11280",0.09982000562523326
hypocotyl,down,GO:0019745,pentacyclic triterpenoid biosynthetic process,71,10,1,0.03099375071978081,AT5G42600,0.10258211993363751
hypocotyl,down,GO:0010951,negative regulation of endopeptidase activity,71,10,1,0.03099375071978081,AT1G62170,0.10258211993363751
hypocotyl,down,GO:0030026,cellular manganese ion homeostasis,71,10,1,0.03099375071978081,AT1G21140,0.10258211993363751
hypocotyl,down,GO:0019430,removal of superoxide radicals,71,11,1,0.034040535348402026,AT1G56650,0.10258211993363751
hypocotyl,down,GO:0009813,flavonoid biosynthetic process,71,96,2,0.03673906759217976,"AT5G13930,AT5G17050",0.10258211993363751
hypocotyl,down,GO:0009808,lignin metabolic process,71,12,1,0.03707787467480874,AT5G64120,0.10258211993363751
hypocotyl,down,GO:0019827,stem cell population maintenance,71,12,1,0.03707787467480874,AT3G20840,0.10258211993363751
hypocotyl,down,GO:0007389,pattern specification process,71,12,1,0.03707787467480874,AT3G20840,0.10258211993363751
root,up,GO:0009738,abscisic acid-activated signaling pathway,211,174,5,0.023943731871852694,"AT1G32640,AT2G30020,AT3G45640,AT3G46620,AT5G26920",0.10300444063772991
root,up,GO:0000302,response to reactive oxygen species,211,26,2,0.024355729805965693,"AT3G50310,AT4G18880",0.10300444063772991
hypocotyl,down,GO:0098869,cellular oxidant detoxification,71,13,1,0.0401057975632488,AT5G64120,0.10402441242967658
hypocotyl,down,GO:0010449,root meristem growth,71,13,1,0.0401057975632488,AT3G20840,0.10402441242967658
whole plant,down,GO:0016024,CDP-diacylglycerol biosynthetic process,32,17,1,0.023817771682498844,AT1G02390,0.10458858572970064
whole plant,down,GO:0010143,cutin biosynthetic process,32,19,1,0.026583465091194865,AT1G02390,0.10458858572970064
whole plant,down,GO:0009306,protein secretion,32,24,1,0.03346452992135363,AT1G20080,0.10458858572970064
whole plant,down,GO:0009831,plant-type cell wall modification involved in multidimensional cell growth,32,25,1,0.03483507696094757,AT1G12560,0.10458858572970064
whole plant,down,GO:0010082,regulation of root meristem growth,32,26,1,0.036203741214127144,AT4G26540,0.10458858572970064
whole plant,down,GO:0010089,xylem development,32,26,1,0.036203741214127144,AT2G45420,0.10458858572970064
hypocotyl,down,GO:0010102,lateral root morphogenesis,71,14,1,0.043124332791037334,AT4G12550,0.10527410651929703
hypocotyl,down,GO:0000723,telomere maintenance,71,14,1,0.043124332791037334,AT3G20840,0.10527410651929703
shoot,up,GO:0009617,response to bacterium,58,96,2,0.025318940019700916,"AT4G37990,AT5G49450",0.1067631052408487
shoot,up,GO:0009813,flavonoid biosynthetic process,58,96,2,0.025318940019700916,"AT1G17020,AT2G36790",0.1067631052408487
shoot,up,GO:0051555,flavonol biosynthetic process,58,11,1,0.027887673679343025,AT2G36790,0.1067631052408487
shoot,up,GO:0035265,organ growth,58,11,1,0.027887673679343025,AT2G44080,0.1067631052408487
shoot,up,GO:0030154,cell differentiation,58,264,3,0.03039194212766691,"AT4G09460,AT4G37260,AT4G38620",0.1067631052408487
shoot,up,GO:0030042,actin filament depolymerization,58,13,1,0.03287539263000914,AT4G00680,0.1067631052408487
shoot,up,GO:0009835,fruit ripening,58,13,1,0.03287539263000914,AT1G69490,0.1067631052408487
shoot,up,GO:0045892,"negative regulation of transcription, DNA-templated",58,111,2,0.03308152556758692,"AT1G13260,AT4G38620",0.1067631052408487
shoot,up,GO:0006970,response to osmotic stress,58,114,2,0.034732861644528344,"AT3G21780,AT5G49450",0.10721883377223967
root,up,GO:0000271,polysaccharide biosynthetic process,211,27,2,0.02614487846873711,"AT3G28340,AT3G62720",0.10831449651333945
root,up,GO:0009626,plant-type hypersensitive response,211,69,3,0.02681759432967097,"AT3G45640,AT3G50930,AT5G26920",0.10887943297846414
shoot,up,GO:0007275,multicellular organism development,58,300,3,0.04188857516661539,"AT1G69490,AT2G44080,AT3G15500",0.11086958769300086
shoot,up,GO:0012501,programmed cell death,58,17,1,0.042775499106900025,AT3G45860,0.11086958769300086
shoot,up,GO:0009901,anther dehiscence,58,17,1,0.042775499106900025,AT5G49450,0.11086958769300086
shoot,up,GO:0080167,response to karrikin,58,128,2,0.04284774918584197,"AT1G70420,AT5G20250",0.11086958769300086
shoot,up,GO:0009825,multidimensional cell growth,58,18,1,0.04523492238375839,AT1G69490,0.11086958769300086
shoot,up,GO:0006629,lipid metabolic process,58,132,2,0.04528476117038063,"AT5G08030,AT5G41080",0.11086958769300086
hypocotyl,down,GO:0010039,response to iron ion,71,16,1,0.049133354940803134,AT1G21140,0.11093034912206058
hypocotyl,down,GO:0010162,seed dormancy process,71,16,1,0.049133354940803134,AT5G45830,0.11093034912206058
hypocotyl,down,GO:0010030,positive regulation of seed germination,71,17,1,0.052123898985064615,AT1G07430,0.11093034912206058
hypocotyl,down,GO:0000272,polysaccharide catabolic process,71,17,1,0.052123898985064615,AT2G43620,0.11093034912206058
hypocotyl,down,GO:0015706,nitrate transport,71,17,1,0.052123898985064615,AT2G38100,0.11093034912206058
hypocotyl,down,GO:0010588,cotyledon vascular tissue pattern formation,71,18,1,0.05510516961375516,AT2G46990,0.11434322694854196
root,up,GO:0010193,response to ozone,211,29,2,0.029876877418054924,"AT3G02840,AT5G42380",0.11663473299740673
root,up,GO:0061025,membrane fusion,211,29,2,0.029876877418054924,"AT1G61290,AT3G52400",0.11663473299740673
shoot,up,GO:0016114,terpenoid biosynthetic process,58,21,1,0.05257599146922821,AT1G66020,0.12041598046178073
shoot,up,GO:0006541,glutamine metabolic process,58,21,1,0.05257599146922821,AT1G15045,0.12041598046178073
whole plant,down,GO:0009828,plant-type cell wall loosening,32,34,1,0.047085574632119785,AT1G12560,0.12104115872169043
whole plant,down,GO:0010311,lateral root formation,32,40,1,0.05516874411166342,AT2G45420,0.12104115872169043
whole plant,down,GO:0048767,root hair elongation,32,42,1,0.05784834307319388,AT1G12560,0.12104115872169043
whole plant,down,GO:0016311,dephosphorylation,32,44,1,0.06052057936084521,AT1G02390,0.12104115872169043
hypocotyl,down,GO:0071732,cellular response to nitric oxide,71,20,1,0.0610400039250503,AT1G21140,0.12143926752548506
hypocotyl,down,GO:0080167,response to karrikin,71,128,2,0.061451195615305695,"AT3G17610,AT5G17050",0.12143926752548506
root,up,GO:0048235,pollen sperm cell differentiation,211,30,2,0.03181752326720724,"AT3G50310,AT5G49150",0.12186711741968057
whole plant,down,GO:0005975,carbohydrate metabolic process,32,329,2,0.07880892926782405,"AT1G75940,AT2G44480",0.12356259311678491
whole plant,down,GO:0009636,response to toxic substance,32,58,1,0.0790217168488209,AT4G15480,0.12356259311678491
whole plant,down,GO:0009664,plant-type cell wall organization,32,59,1,0.0803296343503004,AT1G12560,0.12356259311678491
whole plant,down,GO:0010224,response to UV-B,32,62,1,0.08424259967295625,AT4G15480,0.12356259311678491
whole plant,down,GO:0052696,flavonoid glucuronidation,32,63,1,0.08554333369623572,AT4G15480,0.12356259311678491
whole plant,down,GO:0042545,cell wall modification,32,69,1,0.09331023336175655,AT2G26450,0.12768768775819317
root,down,GO:0080167,response to karrikin,55,128,3,0.0037599767546128396,"AT3G21560,AT3G22840,AT3G52740",0.12883015597490288
root,down,GO:0034059,response to anoxia,55,5,1,0.012114928075725622,AT4G33070,0.12883015597490288
root,down,GO:0042744,hydrogen peroxide catabolic process,55,73,2,0.013694286540366895,"AT1G34510,AT4G08780",0.12883015597490288
root,down,GO:0042938,dipeptide transport,55,6,1,0.01452056337882644,AT2G38100,0.12883015597490288
root,down,GO:0047484,regulation of response to osmotic stress,55,6,1,0.01452056337882644,AT1G15100,0.12883015597490288
root,down,GO:0071483,cellular response to blue light,55,6,1,0.01452056337882644,AT3G22840,0.12883015597490288
root,down,GO:0071486,cellular response to high light intensity,55,7,1,0.01692044688620587,AT3G22840,0.12883015597490288
root,down,GO:0010117,photoprotection,55,7,1,0.01692044688620587,AT3G22840,0.12883015597490288
root,down,GO:0010077,maintenance of inflorescence meristem identity,55,9,1,0.02170301247584236,AT5G60910,0.12883015597490288
root,down,GO:0045010,actin nucleation,55,11,1,0.02646273245832592,AT5G07780,0.12883015597490288
root,down,GO:1902600,hydrogen ion transmembrane transport,55,11,1,0.02646273245832592,AT2G07560,0.12883015597490288
root,down,GO:0009932,cell tip growth,55,12,1,0.028834058840734783,AT4G34580,0.12883015597490288
root,down,GO:0006754,ATP biosynthetic process,55,12,1,0.028834058840734783,AT2G07560,0.12883015597490288
root,down,GO:0006979,response to oxidative stress,55,273,3,0.028875787992168625,"AT1G34510,AT1G73120,AT4G08780",0.12883015597490288
root,down,GO:0000373,Group II intron splicing,55,13,1,0.03119971395228797,AT3G27750,0.12883015597490288
root,down,GO:0010030,positive regulation of seed germination,55,17,1,0.04060588748726935,AT3G22840,0.12883015597490288
root,down,GO:0034605,cellular response to heat,55,17,1,0.04060588748726935,AT3G22840,0.12883015597490288
root,down,GO:0015706,nitrate transport,55,17,1,0.04060588748726935,AT2G38100,0.12883015597490288
root,down,GO:0009901,anther dehiscence,55,17,1,0.04060588748726935,AT2G44810,0.12883015597490288
root,down,GO:0010152,pollen maturation,55,17,1,0.04060588748726935,AT2G44810,0.12883015597490288
root,down,GO:0048768,root hair cell tip growth,55,18,1,0.04294338532496762,AT4G34580,0.12883015597490288
root,down,GO:0009718,anthocyanin-containing compound biosynthetic process,55,18,1,0.04294338532496762,AT3G21560,0.12883015597490288
root,down,GO:0030048,actin filament-based movement,55,19,1,0.0452752913103097,AT1G04600,0.1301664625171404
root,down,GO:0010053,root epidermal cell differentiation,55,20,1,0.047601618573198806,AT4G34580,0.1313804672620287
root,up,GO:0051301,cell division,211,193,5,0.03517341925015571,"AT1G74930,AT4G11280,AT4G34410,AT5G47220,AT5G61600",0.13222600199595574
shoot,up,GO:0009873,ethylene-activated signaling pathway,58,155,2,0.060236267390245804,"AT1G13260,AT1G25560",0.13364921827210788
shoot,up,GO:0005992,trehalose biosynthetic process,58,25,1,0.06227785461622123,AT1G70290,0.13399174781065779
shoot,up,GO:0007165,signal transduction,58,362,3,0.06606482072106594,"AT1G72890,AT1G72900,AT1G72940",0.1348960250401298
shoot,up,GO:0009737,response to abscisic acid,58,363,3,0.06649804051274004,"AT3G21780,AT4G21410,AT4G37260",0.1348960250401298
hypocotyl,up,GO:0044550,secondary metabolite biosynthetic process,85,116,3,0.009600139354016652,"AT3G10570,AT3G53280,AT5G67310",0.13538218930122944
hypocotyl,up,GO:0009723,response to ethylene,85,121,3,0.010762560106460683,"AT1G06160,AT1G18570,AT3G11440",0.13538218930122944
hypocotyl,up,GO:0010200,response to chitin,85,121,3,0.010762560106460683,"AT2G34600,AT5G04340,AT5G27420",0.13538218930122944
hypocotyl,up,GO:0042542,response to hydrogen peroxide,85,51,2,0.015831135563192038,"AT1G17870,AT5G05410",0.13538218930122944
hypocotyl,up,GO:0048367,shoot system development,85,52,2,0.016424600647855933,"AT5G59510,AT5G59515",0.13538218930122944
hypocotyl,up,GO:0009408,response to heat,85,143,3,0.016815816588414887,"AT1G17870,AT4G25200,AT5G05410",0.13538218930122944
hypocotyl,up,GO:0030154,cell differentiation,85,264,4,0.017647599431782904,"AT1G18570,AT2G16720,AT4G09460,AT4G38620",0.13538218930122944
hypocotyl,up,GO:1902626,assembly of large subunit precursor of preribosome,85,5,1,0.018673405420859233,AT2G39820,0.13538218930122944
hypocotyl,up,GO:0000460,maturation of 5.8S rRNA,85,5,1,0.018673405420859233,AT2G39820,0.13538218930122944
root,down,GO:0009695,jasmonic acid biosynthetic process,55,22,1,0.05223758930005319,AT2G44810,0.13863052545014115
hypocotyl,down,GO:0071369,cellular response to ethylene stimulus,71,24,1,0.0727996330996738,AT1G21140,0.13887857479250645
hypocotyl,down,GO:0048364,root development,71,142,2,0.07362237699843716,"AT2G46990,AT3G20840",0.13887857479250645
root,up,GO:0016125,sterol metabolic process,211,33,2,0.037925152833323164,"AT5G42650,AT5G45340",0.13997829136662912
root,down,GO:0051453,regulation of intracellular pH,55,25,1,0.059150031483840196,AT2G07560,0.14131926903683725
root,down,GO:0010154,fruit development,55,26,1,0.061443160450798805,AT5G60910,0.14131926903683725
root,down,GO:0009789,positive regulation of abscisic acid-activated signaling pathway,55,26,1,0.061443160450798805,AT1G15100,0.14131926903683725
root,down,GO:0009686,gibberellin biosynthetic process,55,26,1,0.061443160450798805,AT1G44090,0.14131926903683725
hypocotyl,up,GO:0010224,response to UV-B,85,62,2,0.022864072607811443,"AT4G38620,AT5G05410",0.14360607781745227
hypocotyl,up,GO:0009696,salicylic acid metabolic process,85,7,1,0.026045905440358345,AT2G43820,0.14360607781745227
hypocotyl,up,GO:2000762,regulation of phenylpropanoid metabolic process,85,7,1,0.026045905440358345,AT4G38620,0.14360607781745227
hypocotyl,up,GO:0009861,jasmonic acid and ethylene-dependent systemic resistance,85,8,1,0.029711602307059087,AT1G06160,0.14360607781745227
hypocotyl,up,GO:0000054,ribosomal subunit export from nucleus,85,8,1,0.029711602307059087,AT2G39820,0.14360607781745227
hypocotyl,up,GO:0000470,maturation of LSU-rRNA,85,8,1,0.029711602307059087,AT2G39820,0.14360607781745227
hypocotyl,down,GO:0009753,response to jasmonic acid,71,147,2,0.07814332506461434,"AT1G56650,AT5G13930",0.14413102178584422
root,up,GO:0009828,plant-type cell wall loosening,211,34,2,0.04005276920047991,"AT3G45960,AT3G45970",0.14519128835173967
hypocotyl,up,GO:0043562,cellular response to nitrogen levels,85,9,1,0.033363664203348325,AT5G27420,0.14632664946678622
hypocotyl,up,GO:0007155,cell adhesion,85,10,1,0.03700214124447468,AT2G01480,0.14632664946678622
hypocotyl,up,GO:2000280,regulation of root development,85,10,1,0.03700214124447468,AT5G04340,0.14632664946678622
hypocotyl,up,GO:0007205,protein kinase C-activating G-protein coupled receptor signaling pathway,85,10,1,0.03700214124447468,AT4G28130,0.14632664946678622
shoot,up,GO:0010182,sugar mediated signaling pathway,58,30,1,0.07426797117225768,AT5G49450,0.14647294314528597
hypocotyl,down,GO:0016485,protein processing,71,27,1,0.08152395068076179,AT3G52650,0.14651034135731064
hypocotyl,down,GO:0005975,carbohydrate metabolic process,71,329,3,0.08501226141206579,"AT1G48100,AT4G01700,AT5G20710",0.14651034135731064
hypocotyl,down,GO:0009873,ethylene-activated signaling pathway,71,155,2,0.0855531820356465,"AT2G35700,AT3G20840",0.14651034135731064
hypocotyl,down,GO:0009734,auxin-activated signaling pathway,71,156,2,0.08649405694588218,"AT2G46990,AT3G20840",0.14651034135731064
hypocotyl,down,GO:0030162,regulation of proteolysis,71,30,1,0.09016732389530546,AT1G62170,0.14674289967275203
hypocotyl,down,GO:0010182,sugar mediated signaling pathway,71,30,1,0.09016732389530546,AT5G45830,0.14674289967275203
hypocotyl,down,GO:0009630,gravitropism,71,31,1,0.09303058882165771,AT2G46990,0.14849113215764598
hypocotyl,up,GO:0043068,positive regulation of programmed cell death,85,11,1,0.04062708336369968,AT3G11440,0.1536763588105162
root,up,GO:0051607,defense response to virus,211,36,2,0.044439487795744796,"AT5G06320,AT5G24590",0.15509115152759836
root,up,GO:0046345,abscisic acid catabolic process,211,5,1,0.045839749219979804,AT5G45340,0.15509115152759836
root,up,GO:0002679,respiratory burst involved in defense response,211,5,1,0.045839749219979804,AT2G35930,0.15509115152759836
root,up,GO:2000037,regulation of stomatal complex patterning,211,5,1,0.045839749219979804,AT3G45640,0.15509115152759836
root,up,GO:0006904,vesicle docking involved in exocytosis,211,37,2,0.04669660085058836,"AT3G09530,AT5G58430",0.15540016348638422
whole plant,down,GO:0045490,pectin catabolic process,32,92,1,0.12249561017052898,AT2G26450,0.15608267800666217
whole plant,down,GO:0009813,flavonoid biosynthetic process,32,96,1,0.127477547964109,AT4G15480,0.15608267800666217
whole plant,down,GO:0009651,response to salt stress,32,448,2,0.13206995831332954,"AT1G75940,AT2G44480",0.15608267800666217
hypocotyl,down,GO:0006357,regulation of transcription from RNA polymerase II promoter,71,170,2,0.09998511982558489,"AT1G56650,AT3G30210",0.15658047067025557
root,down,GO:0016567,protein ubiquitination,55,393,3,0.07068334854032685,"AT1G15100,AT1G20780,AT2G47560",0.157327453202663
whole plant,down,GO:0009826,unidimensional cell growth,32,107,1,0.14103700628529853,AT1G12560,0.15943313753990268
hypocotyl,down,GO:0071281,cellular response to iron ion,71,35,1,0.10439507741524262,AT1G21140,0.16045910047157663
shoot,up,GO:0098542,defense response to other organism,58,34,1,0.08375147022311356,AT3G26220,0.16071228069840712
shoot,up,GO:0016579,protein deubiquitination,58,35,1,0.08610738699959347,AT1G65110,0.16088485465713517
shoot,up,GO:0009867,jasmonic acid mediated signaling pathway,58,36,1,0.08845735027118522,AT3G15500,0.16103774023728593
hypocotyl,down,GO:0009788,negative regulation of abscisic acid-activated signaling pathway,71,36,1,0.10721419204121879,AT1G07430,0.1617959625349302
hypocotyl,down,GO:0071805,potassium ion transmembrane transport,71,37,1,0.11002455747527211,AT1G07430,0.1630721119722783
hypocotyl,up,GO:0030042,actin filament depolymerization,85,13,1,0.047836561663470945,AT4G00680,0.16378839775926776
hypocotyl,up,GO:1903507,negative regulation of nucleic acid-templated transcription,85,13,1,0.047836561663470945,AT2G34600,0.16378839775926776
hypocotyl,up,GO:0009887,organ morphogenesis,85,14,1,0.05142119680646878,AT5G17430,0.16378839775926776
hypocotyl,up,GO:0055062,phosphate ion homeostasis,85,14,1,0.05142119680646878,AT5G04340,0.16378839775926776
hypocotyl,up,GO:0009739,response to gibberellin,85,98,2,0.05271350732482181,"AT1G18570,AT4G09460",0.16378839775926776
whole plant,up,GO:0009640,photomorphogenesis,75,53,2,0.01343403074614121,"AT4G10240,AT4G32700",0.1657456261021164
whole plant,up,GO:0042218,1-aminocyclopropane-1-carboxylate biosynthetic process,75,5,1,0.01649112866705203,AT5G65800,0.1657456261021164
whole plant,up,GO:0007275,multicellular organism development,75,300,4,0.017734403564255336,"AT4G15310,AT4G28500,AT5G17260,AT5G39610",0.1657456261021164
whole plant,up,GO:0010468,regulation of gene expression,75,66,2,0.020341136205910052,"AT4G32700,AT5G39610",0.1657456261021164
whole plant,up,GO:0080110,sporopollenin biosynthetic process,75,7,1,0.023012187946266225,AT1G01280,0.1657456261021164
whole plant,up,GO:1902074,response to salt,75,7,1,0.023012187946266225,AT5G39610,0.1657456261021164
whole plant,up,GO:1900057,positive regulation of leaf senescence,75,8,1,0.026256701137199197,AT5G39610,0.1657456261021164
whole plant,up,GO:0000054,ribosomal subunit export from nucleus,75,8,1,0.026256701137199197,AT4G30300,0.1657456261021164
whole plant,up,GO:0043068,positive regulation of programmed cell death,75,11,1,0.03592658832724581,AT5G39610,0.1657456261021164
whole plant,up,GO:0010208,pollen wall assembly,75,12,1,0.039128780792943636,AT1G01280,0.1657456261021164
whole plant,up,GO:0009835,fruit ripening,75,13,1,0.042320478451853646,AT5G65800,0.1657456261021164
whole plant,up,GO:0006075,(1->3)-beta-D-glucan biosynthetic process,75,13,1,0.042320478451853646,AT5G36870,0.1657456261021164
whole plant,up,GO:0006415,translational termination,75,14,1,0.04550171523616185,AT4G30300,0.1657456261021164
whole plant,up,GO:0006949,syncytium formation,75,15,1,0.0486725249698416,AT5G56640,0.1657456261021164
whole plant,up,GO:2000652,regulation of secondary cell wall biogenesis,75,15,1,0.0486725249698416,AT4G28500,0.1657456261021164
whole plant,up,GO:0009933,meristem structural organization,75,16,1,0.051832941368993905,AT4G32700,0.1657456261021164
whole plant,up,GO:0006261,DNA-dependent DNA replication,75,16,1,0.051832941368993905,AT4G32700,0.1657456261021164
whole plant,up,GO:0016024,CDP-diacylglycerol biosynthetic process,75,17,1,0.054982998042186586,AT4G26770,0.1657456261021164
whole plant,up,GO:0010200,response to chitin,75,121,2,0.06130730035500199,"AT1G75490,AT4G15975",0.1657456261021164
whole plant,up,GO:0019853,L-ascorbic acid biosynthetic process,75,20,1,0.06437134418578537,AT5G56640,0.1657456261021164
whole plant,up,GO:0019915,lipid storage,75,21,1,0.06748029590197283,AT5G07520,0.1657456261021164
whole plant,up,GO:0007169,transmembrane receptor protein tyrosine kinase signaling pathway,75,130,2,0.06948707885119448,"AT2G24130,AT3G46370",0.1657456261021164
whole plant,up,GO:0018208,peptidyl-proline modification,75,22,1,0.07057905433384483,AT5G05420,0.1657456261021164
whole plant,up,GO:0019953,sexual reproduction,75,22,1,0.07057905433384483,AT5G07520,0.1657456261021164
whole plant,up,GO:0001944,vasculature development,75,23,1,0.07366765245183685,AT5G65800,0.1657456261021164
whole plant,up,GO:0009725,response to hormone,75,24,1,0.07674612312119668,AT3G21370,0.1657456261021164
whole plant,up,GO:0019762,glucosinolate catabolic process,75,25,1,0.07981449910231554,AT3G21370,0.1657456261021164
whole plant,up,GO:0009693,ethylene biosynthetic process,75,25,1,0.07981449910231554,AT5G65800,0.1657456261021164
whole plant,up,GO:0009831,plant-type cell wall modification involved in multidimensional cell growth,75,25,1,0.07981449910231554,AT5G05290,0.1657456261021164
whole plant,up,GO:0010082,regulation of root meristem growth,75,26,1,0.0828728130510582,AT5G46520,0.1657456261021164
whole plant,up,GO:0010584,pollen exine formation,75,26,1,0.0828728130510582,AT1G01280,0.1657456261021164
root,up,GO:0006906,vesicle fusion,211,39,2,0.051333470727457906,"AT1G61290,AT3G52400",0.1658951793713189
root,up,GO:2000038,regulation of stomatal complex development,211,6,1,0.054753581368858946,AT3G45640,0.1658951793713189
root,up,GO:0035336,long-chain fatty-acyl-CoA metabolic process,211,6,1,0.054753581368858946,AT3G56700,0.1658951793713189
root,up,GO:0010942,positive regulation of cell death,211,6,1,0.054753581368858946,AT2G31880,0.1658951793713189
root,up,GO:0010363,regulation of plant-type hypersensitive response,211,6,1,0.054753581368858946,AT3G52400,0.1658951793713189
root,up,GO:0045814,"negative regulation of gene expression, epigenetic",211,6,1,0.054753581368858946,AT1G03770,0.1658951793713189
root,down,GO:0009908,flower development,55,190,2,0.07821499705281533,"AT1G44090,AT5G60910",0.16865108739513304
hypocotyl,up,GO:0009682,induced systemic resistance,85,16,1,0.05855050513842451,AT1G18570,0.16882153221068044
hypocotyl,up,GO:0052544,defense response by callose deposition in cell wall,85,16,1,0.05855050513842451,AT1G18570,0.16882153221068044
hypocotyl,up,GO:0009863,salicylic acid mediated signaling pathway,85,17,1,0.06209527621542269,AT1G28480,0.16882153221068044
hypocotyl,up,GO:0006032,chitin catabolic process,85,17,1,0.06209527621542269,AT3G47540,0.16882153221068044
shoot,up,GO:0009607,response to biotic stimulus,58,40,1,0.0977979633980907,AT1G14930,0.1693574488113278
shoot,up,GO:0043086,negative regulation of catalytic activity,58,40,1,0.0977979633980907,AT3G17230,0.1693574488113278
hypocotyl,down,GO:0010311,lateral root formation,71,40,1,0.11840342588876597,AT2G42430,0.1724120061187294
whole plant,up,GO:0010268,brassinosteroid homeostasis,75,29,1,0.09198770770067491,AT4G15310,0.17282539022551044
whole plant,up,GO:0008360,regulation of cell shape,75,29,1,0.09198770770067491,AT5G36870,0.17282539022551044
shoot,up,GO:0048573,"photoperiodism, flowering",58,42,1,0.10243293154255143,AT1G25560,0.17294548564105866
shoot,up,GO:0016049,cell growth,58,43,1,0.10474163214881019,AT2G44080,0.17294548564105866
hypocotyl,up,GO:0042343,indole glucosinolate metabolic process,85,18,1,0.0656268568622593,AT5G67310,0.1730162590005018
hypocotyl,down,GO:0009834,plant-type secondary cell wall biogenesis,71,41,1,0.12117906141543434,AT2G35700,0.17341141547381123
root,up,GO:0006839,mitochondrial transport,211,42,2,0.0585812206190757,"AT2G22500,AT4G24570",0.17488217331871128
hypocotyl,up,GO:0010143,cutin biosynthetic process,85,19,1,0.06914529557960784,AT3G10570,0.17557238167220665
hypocotyl,up,GO:0009733,response to auxin,85,256,3,0.07226268746062992,"AT1G18570,AT1G43040,AT5G54490",0.17557238167220665
hypocotyl,up,GO:0071732,cellular response to nitric oxide,85,20,1,0.07265064069194757,AT3G53280,0.17557238167220665
shoot,up,GO:0048527,lateral root development,58,45,1,0.10934153908428562,AT1G13260,0.17643748352237
whole plant,up,GO:0016132,brassinosteroid biosynthetic process,75,31,1,0.09801458798887959,AT4G15310,0.1787324839797216
root,up,GO:0071219,cellular response to molecule of bacterial origin,211,7,1,0.06358453086326543,AT5G26920,0.17927305229504004
root,up,GO:1902584,positive regulation of response to water deprivation,211,7,1,0.06358453086326543,AT5G26920,0.17927305229504004
root,up,GO:0009697,salicylic acid biosynthetic process,211,7,1,0.06358453086326543,AT5G26920,0.17927305229504004
root,up,GO:0010117,photoprotection,211,7,1,0.06358453086326543,AT1G27730,0.17927305229504004
root,down,GO:0009911,positive regulation of flower development,55,37,1,0.08630821487965962,AT5G60910,0.1796766822812763
root,down,GO:0001666,response to hypoxia,55,38,1,0.08853633619657095,AT2G16060,0.1796766822812763
shoot,up,GO:0009910,negative regulation of flower development,58,47,1,0.11391821677709613,AT1G13260,0.17973763091497388
root,up,GO:0006470,protein dephosphorylation,211,99,3,0.06571796049721615,"AT2G30020,AT3G62260,AT4G33920",0.18148745608958455
root,up,GO:0048527,lateral root development,211,45,2,0.06615798891935594,"AT1G13260,AT3G50060",0.18148745608958455
hypocotyl,down,GO:0009407,toxin catabolic process,71,44,1,0.12945437639687504,AT1G02950,0.18211378374475642
hypocotyl,up,GO:2000022,regulation of jasmonic acid mediated signaling pathway,85,22,1,0.07962224252233889,AT2G34600,0.18322528879233038
hypocotyl,up,GO:0016998,cell wall macromolecule catabolic process,85,23,1,0.0830885950140576,AT3G47540,0.18322528879233038
hypocotyl,up,GO:0009814,"defense response, incompatible interaction",85,23,1,0.0830885950140576,AT5G27420,0.18322528879233038
hypocotyl,up,GO:0009625,response to insect,85,24,1,0.08654204544935568,AT1G18570,0.18322528879233038
hypocotyl,up,GO:0071369,cellular response to ethylene stimulus,85,24,1,0.08654204544935568,AT3G53280,0.18322528879233038
hypocotyl,up,GO:0006629,lipid metabolic process,85,132,2,0.08845358769284915,"AT2G30550,AT5G55320",0.18322528879233038
whole plant,up,GO:0016125,sterol metabolic process,75,33,1,0.10400199507923354,AT4G15310,0.184232105568928
whole plant,up,GO:0009828,plant-type cell wall loosening,75,34,1,0.10698097594496002,AT5G05290,0.18424501412743113
root,up,GO:0045727,positive regulation of translation,211,8,1,0.07233336472741045,AT3G08720,0.1882522184572349
root,up,GO:0010038,response to metal ion,211,8,1,0.07233336472741045,AT5G37770,0.1882522184572349
root,up,GO:0009643,photosynthetic acclimation,211,8,1,0.07233336472741045,AT5G59820,0.1882522184572349
root,up,GO:0010337,regulation of salicylic acid metabolic process,211,8,1,0.07233336472741045,AT2G41010,0.1882522184572349
whole plant,up,GO:0010029,regulation of seed germination,75,36,1,0.11290965096684734,AT5G39610,0.18919995567417663
root,down,GO:0048767,root hair elongation,55,42,1,0.09739559745258058,AT4G34580,0.19200846354937315
hypocotyl,up,GO:0051260,protein homooligomerization,85,27,1,0.09682545808465715,AT2G24240,0.19590267100849237
root,down,GO:0016051,carbohydrate biosynthetic process,55,46,1,0.10617029898689435,AT5G29958,0.19799326027285702
root,down,GO:0000209,protein polyubiquitination,55,46,1,0.10617029898689435,AT1G15100,0.19799326027285702
whole plant,up,GO:0006310,DNA recombination,75,39,1,0.12172991964100123,AT4G32700,0.19861197415110726
root,up,GO:0009555,pollen development,211,174,4,0.08065718619502217,"AT1G19180,AT1G74450,AT2G42380,AT3G45640",0.20138429538753785
root,up,GO:0010077,maintenance of inflorescence meristem identity,211,9,1,0.08100084292085313,AT1G03770,0.20138429538753785
root,up,GO:0043562,cellular response to nitrogen levels,211,9,1,0.08100084292085313,AT5G27420,0.20138429538753785
root,up,GO:0042542,response to hydrogen peroxide,211,51,2,0.0822049956364908,"AT5G05410,AT5G37770",0.20138429538753785
root,up,GO:0009860,pollen tube growth,211,109,3,0.08233939171017557,"AT1G61290,AT2G07040,AT2G20430",0.20138429538753785
hypocotyl,up,GO:0010268,brassinosteroid homeostasis,85,29,1,0.10361742161052136,AT3G30290,0.2048799018208036
hypocotyl,down,GO:0009926,auxin polar transport,71,51,1,0.14846585186413552,AT5G13930,0.2053777617453875
hypocotyl,down,GO:0006749,glutathione metabolic process,71,52,1,0.15114814665196366,AT1G02950,0.20566059298545875
hypocotyl,down,GO:0009640,photomorphogenesis,71,53,1,0.15382211096216863,AT4G38960,0.20592314854612898
hypocotyl,up,GO:0048235,pollen sperm cell differentiation,85,30,1,0.10699445020564172,AT3G11440,0.20685593706424063
hypocotyl,up,GO:0016132,brassinosteroid biosynthetic process,85,31,1,0.11035890531545604,AT3G30290,0.2087222774444495
shoot,up,GO:0009742,brassinosteroid mediated signaling pathway,58,57,1,0.13645718104240148,AT2G44080,0.20949508324889674
shoot,up,GO:0016036,cellular response to phosphate starvation,58,58,1,0.13867984384081897,AT5G20150,0.20949508324889674
root,up,GO:0010076,maintenance of floral meristem identity,211,10,1,0.08958771840325952,AT1G03770,0.21146868413792655
root,up,GO:2000280,regulation of root development,211,10,1,0.08958771840325952,AT5G04340,0.21146868413792655
root,up,GO:0010951,negative regulation of endopeptidase activity,211,10,1,0.08958771840325952,AT1G62170,0.21146868413792655
root,up,GO:0045087,innate immune response,211,54,2,0.09063102453254979,"AT2G33580,AT5G37770",0.21147239057594952
whole plant,up,GO:0051301,cell division,75,193,2,0.1347588686436278,"AT4G32700,AT5G65800",0.2142320475873057
hypocotyl,up,GO:0016125,sterol metabolic process,85,33,1,0.11705027994635295,AT3G30290,0.21522392959394335
hypocotyl,up,GO:0098542,defense response to other organism,85,34,1,0.1203772914812657,AT5G67310,0.21522392959394335
hypocotyl,up,GO:0071281,cellular response to iron ion,85,35,1,0.12369191355973756,AT3G53280,0.21522392959394335
hypocotyl,up,GO:0010286,heat acclimation,85,35,1,0.12369191355973756,AT5G05410,0.21522392959394335
whole plant,up,GO:0048527,lateral root development,75,45,1,0.13911167057784565,AT5G39610,0.21562308939566077
root,up,GO:0042546,cell wall biogenesis,211,55,2,0.09349414151820483,"AT4G25810,AT5G57560",0.21567398554767706
hypocotyl,up,GO:0009867,jasmonic acid mediated signaling pathway,85,36,1,0.126994191771629,AT1G28480,0.21663715066924943
whole plant,down,GO:0006397,mRNA processing,32,157,1,0.20014083349476944,AT5G28210,0.21681923628600022
shoot,up,GO:0010224,response to UV-B,58,62,1,0.14751440960880227,AT4G38620,0.21692542961015956
shoot,up,GO:0052696,flavonoid glucuronidation,58,63,1,0.14970909930842,AT2G36790,0.21692542961015956
shoot,up,GO:0009809,lignin biosynthetic process,58,65,1,0.15408183360118796,AT4G37990,0.2187962037136869
hypocotyl,down,GO:0009636,response to toxic substance,71,58,1,0.1670678652907258,AT1G02950,0.22006980483020985
hypocotyl,down,GO:0009664,plant-type cell wall organization,71,59,1,0.16969237962811362,AT5G64120,0.22006980483020985
root,up,GO:0048574,"long-day photoperiodism, flowering",211,11,1,0.09809473719857026,AT5G37770,0.22374417585741305
root,down,GO:0006811,ion transport,55,54,1,0.12346918479734662,AT1G20780,0.22419404607939253
root,up,GO:0030154,cell differentiation,211,264,5,0.10216397889243169,"AT2G16720,AT2G47190,AT3G23250,AT3G50060,AT4G34990",0.2300435702882178
root,up,GO:0009664,plant-type cell wall organization,211,59,2,0.10519913556239247,"AT3G45960,AT5G57560",0.2300435702882178
root,up,GO:0010112,regulation of systemic acquired resistance,211,12,1,0.10652263845858362,AT5G26920,0.2300435702882178
root,up,GO:0071482,cellular response to light stimulus,211,12,1,0.10652263845858362,AT3G56710,0.2300435702882178
root,up,GO:0010208,pollen wall assembly,211,12,1,0.10652263845858362,AT3G55090,0.2300435702882178
root,down,GO:0009636,response to toxic substance,55,58,1,0.1319949318806374,AT3G21560,0.2335294948657431
root,up,GO:0009909,regulation of flower development,211,62,2,0.11422323563370726,"AT1G66400,AT5G37770",0.23554593301787272
root,up,GO:0009969,xyloglucan biosynthetic process,211,13,1,0.11487215452595764,AT3G62720,0.23554593301787272
root,up,GO:0009061,anaerobic respiration,211,13,1,0.11487215452595764,AT2G36220,0.23554593301787272
root,up,GO:0009835,fruit ripening,211,13,1,0.11487215452595764,AT4G11280,0.23554593301787272
root,up,GO:0010492,maintenance of shoot apical meristem identity,211,13,1,0.11487215452595764,AT1G03770,0.23554593301787272
whole plant,up,GO:0042542,response to hydrogen peroxide,75,51,1,0.15615391804589307,AT5G39610,0.23613519314257
hypocotyl,up,GO:0009816,"defense response to bacterium, incompatible interaction",85,41,1,0.14332200890863683,AT5G27420,0.23978874567406547
root,down,GO:0052696,flavonoid glucuronidation,55,63,1,0.14253768883865306,AT3G21560,0.2398805007284649
root,down,GO:0006417,regulation of translation,55,63,1,0.14253768883865306,AT1G35730,0.2398805007284649
root,up,GO:0019538,protein metabolic process,211,14,1,0.12314401099663812,AT4G14670,0.24036763684920712
root,up,GO:0006863,purine nucleobase transport,211,14,1,0.12314401099663812,AT1G19770,0.24036763684920712
root,up,GO:0009862,"systemic acquired resistance, salicylic acid mediated signaling pathway",211,14,1,0.12314401099663812,AT3G56400,0.24036763684920712
root,up,GO:0048829,root cap development,211,14,1,0.12314401099663812,AT3G59420,0.24036763684920712
root,up,GO:0055062,phosphate ion homeostasis,211,14,1,0.12314401099663812,AT5G04340,0.24036763684920712
hypocotyl,up,GO:0045893,"positive regulation of transcription, DNA-templated",85,181,2,0.14857674618389904,"AT3G11440,AT5G05410",0.2438901305282871
root,down,GO:0009740,gibberellic acid mediated signaling pathway,55,67,1,0.15088128239304055,AT1G44090,0.24787639250285234
root,up,GO:0043069,negative regulation of programmed cell death,211,15,1,0.13133892678171616,AT3G52400,0.2539219251113179
hypocotyl,down,GO:0030154,cell differentiation,71,264,2,0.2014523033782858,"AT1G56650,AT3G30210",0.2572390950830419
root,down,GO:0042787,protein ubiquitination involved in ubiquitin-dependent protein catabolic process,55,72,1,0.16119874763406944,AT1G15100,0.25844468984988495
root,down,GO:0006810,transport,55,299,2,0.16480530946949185,"AT2G38100,AT4G34580",0.25844468984988495
shoot,up,GO:0010150,leaf senescence,58,80,1,0.1861803815079863,AT1G69490,0.25919229582484365
whole plant,up,GO:0009664,plant-type cell wall organization,75,59,1,0.17836008971052733,AT5G05290,0.2632934657631594
root,up,GO:0009682,induced systemic resistance,211,16,1,0.13945761416872257,AT2G30770,0.2645784642640251
root,up,GO:0070588,calcium ion transmembrane transport,211,16,1,0.13945761416872257,AT5G66650,0.2645784642640251
root,down,GO:0010150,leaf senescence,55,80,1,0.17745121712709755,AT1G20780,0.2720918662615496
root,down,GO:0043161,proteasome-mediated ubiquitin-dependent protein catabolic process,55,82,1,0.1814657805810283,AT1G15100,0.2721986708715425
root,up,GO:0005983,starch catabolic process,211,17,1,0.1475007788823616,AT4G17090,0.27220598284654
root,up,GO:0034605,cellular response to heat,211,17,1,0.1475007788823616,AT1G21910,0.27220598284654
root,up,GO:0050826,response to freezing,211,17,1,0.1475007788823616,AT1G12610,0.27220598284654
whole plant,up,GO:0006260,DNA replication,75,63,1,0.18924595160201016,AT4G32700,0.2728662557982472
root,down,GO:0005975,carbohydrate metabolic process,55,329,2,0.19093185962403988,"AT1G05650,AT5G20340",0.28030421944805856
root,up,GO:0010345,suberin biosynthetic process,211,18,1,0.1554691201446909,AT3G56700,0.28178778026225226
root,up,GO:0010229,inflorescence development,211,18,1,0.1554691201446909,AT3G45640,0.28178778026225226
hypocotyl,up,GO:0009644,response to high light intensity,85,52,1,0.1781884430715387,AT1G17870,0.28708138050414567
hypocotyl,up,GO:0016567,protein ubiquitination,85,393,3,0.18441437979986752,"AT2G24240,AT3G25650,AT5G27420",0.29078804380563233
hypocotyl,up,GO:0006950,response to stress,85,56,1,0.19051630456231083,AT4G13450,0.29078804380563233
hypocotyl,up,GO:0031347,regulation of defense response,85,56,1,0.19051630456231083,AT2G34600,0.29078804380563233
root,up,GO:0016567,protein ubiquitination,211,393,6,0.163180277008197,"AT1G03770,AT1G24330,AT1G60190,AT2G35930,AT5G27420,AT5G64660",0.2909013696417092
root,up,GO:0009266,response to temperature stimulus,211,19,1,0.16336333073475295,AT3G61190,0.2909013696417092
whole plant,up,GO:0009733,response to auxin,75,256,2,0.2088298681702259,"AT1G43040,AT5G39610",0.2942602687853183
hypocotyl,down,GO:0010228,vegetative to reproductive phase transition of meristem,71,86,1,0.23755250115262747,AT4G38960,0.29874026660103153
root,up,GO:0009269,response to desiccation,211,20,1,0.17118409704766138,AT1G32640,0.2995721698334074
root,up,GO:0009056,catabolic process,211,20,1,0.17118409704766138,AT1G68620,0.2995721698334074
hypocotyl,down,GO:0006810,transport,71,299,2,0.2418788369203721,"AT2G38100,AT5G13930",0.2996409472297147
hypocotyl,up,GO:0006813,potassium ion transport,85,60,1,0.20266138113828727,AT2G24240,0.3039920717074309
hypocotyl,down,GO:0007623,circadian rhythm,71,91,1,0.24950496304977274,AT4G38960,0.30454282254604614
shoot,up,GO:0009739,response to gibberellin,58,98,1,0.2231214739994208,AT4G09460,0.30464662796074765
hypocotyl,up,GO:0052696,flavonoid glucuronidation,85,63,1,0.2116518486325489,AT2G43820,0.3120967937463009
whole plant,up,GO:0006979,response to oxidative stress,75,273,2,0.2295570032719437,"AT2G44240,AT5G39610",0.31531723636715503
whole plant,up,GO:0010150,leaf senescence,75,80,1,0.23394504633692148,AT5G39610,0.31531723636715503
hypocotyl,up,GO:0006508,proteolysis,85,429,3,0.21912829628173083,"AT1G17870,AT5G52160,AT5G58830",0.3177360296085097
root,up,GO:0015992,proton transport,211,22,1,0.18660801085357745,AT2G22500,0.3183313126325733
root,up,GO:0009646,response to absence of light,211,22,1,0.18660801085357745,AT5G37770,0.3183313126325733
root,up,GO:0080092,regulation of pollen tube growth,211,22,1,0.18660801085357745,AT2G07040,0.3183313126325733
hypocotyl,up,GO:0009740,gibberellic acid mediated signaling pathway,85,67,1,0.22348347305535157,AT3G11440,0.3187387238658293
hypocotyl,up,GO:0042545,cell wall modification,85,69,1,0.2293333064169189,AT1G11370,0.3218064138430959
hypocotyl,down,GO:0006470,protein dephosphorylation,71,99,1,0.2682457458055468,AT1G07430,0.3226724188675418
root,up,GO:0031408,oxylipin biosynthetic process,211,23,1,0.19421249974142774,AT5G42650,0.3258275822108251
root,up,GO:0031348,negative regulation of defense response,211,23,1,0.19421249974142774,AT3G61190,0.3258275822108251
root,down,GO:0009826,unidimensional cell growth,55,107,1,0.23005344488810886,AT1G44090,0.32783289555031536
root,down,GO:0015979,photosynthesis,55,109,1,0.2338157830516754,AT3G22840,0.32783289555031536
root,down,GO:0009658,chloroplast organization,55,111,1,0.237560069239359,AT3G27750,0.32783289555031536
hypocotyl,up,GO:0009651,response to salt stress,85,448,3,0.23797633057173775,"AT1G18570,AT2G16720,AT3G50940",0.3286339803133521
shoot,up,GO:0048366,leaf development,58,110,1,0.2468280993827285,AT1G13260,0.3306565104938438
root,up,GO:0040007,growth,211,24,1,0.2017462272562522,AT1G35140,0.3329632856343024
root,up,GO:0006730,one-carbon metabolic process,211,24,1,0.2017462272562522,AT4G20990,0.3329632856343024
root,down,GO:0044550,secondary metabolite biosynthetic process,55,116,1,0.24684236428018722,AT3G26320,0.33396319873201796
whole plant,up,GO:0006413,translational initiation,75,89,1,0.2566156854083721,AT4G30300,0.33777260692270145
whole plant,up,GO:0006810,transport,75,299,2,0.2615013731014463,"AT3G47740,AT4G30300",0.33777260692270145
root,up,GO:0046686,response to cadmium ion,211,336,5,0.20661023340279044,"AT1G49010,AT2G39920,AT2G47190,AT3G23250,AT4G34990",0.3382409466190844
shoot,up,GO:0044550,secondary metabolite biosynthetic process,58,116,1,0.2584133430253604,AT3G26220,0.33970176389313106
shoot,up,GO:0009723,response to ethylene,58,121,1,0.26793378560584985,AT4G37260,0.33970176389313106
shoot,up,GO:0010200,response to chitin,58,121,1,0.26793378560584985,AT4G37260,0.33970176389313106
root,down,GO:0010200,response to chitin,55,121,1,0.2560136824660761,AT2G33710,0.33971046327229326
root,up,GO:0071456,cellular response to hypoxia,211,25,1,0.20920984874111637,AT5G26920,0.339756794355573
shoot,down,GO:0071555,cell wall organization,167,269,7,0.0039558886052821615,"AT1G08990,AT2G15470,AT2G33160,AT2G43860,AT4G13760,AT5G25550,AT5G50750",0.34491018586733735
shoot,down,GO:0009686,gibberellin biosynthetic process,167,26,2,0.01571513424642724,"AT1G60980,AT1G78440",0.34491018586733735
shoot,down,GO:0005975,carbohydrate metabolic process,167,329,6,0.035883504521158585,"AT1G55740,AT2G15470,AT2G33160,AT2G43860,AT3G62710,AT4G13760",0.34491018586733735
shoot,down,GO:0033356,UDP-L-arabinose metabolic process,167,5,1,0.036422358993354956,AT5G50750,0.34491018586733735
shoot,down,GO:0009081,branched-chain amino acid metabolic process,167,5,1,0.036422358993354956,AT1G50090,0.34491018586733735
shoot,down,GO:0000160,phosphorelay signal transduction system,167,41,2,0.03690033518239956,"AT1G74890,AT5G62920",0.34491018586733735
shoot,down,GO:0006048,UDP-N-acetylglucosamine biosynthetic process,167,6,1,0.04354701435721353,AT1G31070,0.34491018586733735
shoot,down,GO:1904668,positive regulation of ubiquitin protein ligase activity,167,6,1,0.04354701435721353,AT5G26900,0.34491018586733735
shoot,down,GO:0043090,amino acid import,167,6,1,0.04354701435721353,AT1G44800,0.34491018586733735
shoot,down,GO:0009823,cytokinin catabolic process,167,6,1,0.04354701435721353,AT2G19500,0.34491018586733735
shoot,down,GO:0010098,suspensor development,167,7,1,0.050619303425282834,AT2G33160,0.34491018586733735
shoot,down,GO:0080144,amino acid homeostasis,167,7,1,0.050619303425282834,AT1G44800,0.34491018586733735
shoot,down,GO:0045487,gibberellin catabolic process,167,7,1,0.050619303425282834,AT1G78440,0.34491018586733735
shoot,down,GO:0000712,resolution of meiotic recombination intermediates,167,7,1,0.050619303425282834,AT5G63920,0.34491018586733735
shoot,down,GO:0009736,cytokinin-activated signaling pathway,167,53,2,0.05857317422321616,"AT1G74890,AT5G62920",0.34491018586733735
shoot,down,GO:0055075,potassium ion homeostasis,167,10,1,0.07152578489435532,AT3G02850,0.34491018586733735
shoot,down,GO:0009942,longitudinal axis specification,167,10,1,0.07152578489435532,AT5G59340,0.34491018586733735
shoot,down,GO:0006139,nucleobase-containing compound metabolic process,167,10,1,0.07152578489435532,AT1G20750,0.34491018586733735
shoot,down,GO:0009880,embryonic pattern specification,167,10,1,0.07152578489435532,AT5G59340,0.34491018586733735
shoot,down,GO:0009415,response to water,167,11,1,0.07839240700686773,AT2G21490,0.34491018586733735
shoot,down,GO:0010208,pollen wall assembly,167,12,1,0.08520854819508088,AT3G55090,0.34491018586733735
shoot,down,GO:0010628,positive regulation of gene expression,167,13,1,0.09197457735719701,AT4G10350,0.34491018586733735
shoot,down,GO:0034765,regulation of ion transmembrane transport,167,13,1,0.09197457735719701,AT3G02850,0.34491018586733735
shoot,down,GO:0031146,SCF-dependent proteasomal ubiquitin-dependent protein catabolic process,167,13,1,0.09197457735719701,AT2G17310,0.34491018586733735
shoot,down,GO:0006268,DNA unwinding involved in DNA replication,167,13,1,0.09197457735719701,AT5G63920,0.34491018586733735
shoot,down,GO:0042545,cell wall modification,167,69,2,0.09247972726195765,"AT2G47280,AT3G60730",0.34491018586733735
shoot,down,GO:0007067,mitotic nuclear division,167,70,2,0.09475478513258213,"AT5G26900,AT5G63920",0.34491018586733735
shoot,down,GO:0048829,root cap development,167,14,1,0.09869086071184974,AT4G10350,0.34491018586733735
shoot,down,GO:0009807,lignan biosynthetic process,167,15,1,0.10535776181744927,AT1G64160,0.34491018586733735
shoot,down,GO:0006949,syncytium formation,167,15,1,0.10535776181744927,AT4G26260,0.34491018586733735
shoot,down,GO:0010541,acropetal auxin transport,167,15,1,0.10535776181744927,AT3G28390,0.34491018586733735
shoot,down,GO:0009698,phenylpropanoid metabolic process,167,16,1,0.11197564159139002,AT1G20480,0.34491018586733735
shoot,down,GO:0006349,regulation of gene expression by genetic imprinting,167,16,1,0.11197564159139002,AT4G25530,0.34491018586733735
shoot,down,GO:0006265,DNA topological change,167,16,1,0.11197564159139002,AT5G63920,0.34491018586733735
shoot,down,GO:0000272,polysaccharide catabolic process,167,17,1,0.11854485832911928,AT2G43600,0.34491018586733735
shoot,down,GO:0006032,chitin catabolic process,167,17,1,0.11854485832911928,AT2G43600,0.34491018586733735
shoot,down,GO:0009901,anther dehiscence,167,17,1,0.11854485832911928,AT3G62440,0.34491018586733735
shoot,down,GO:0010167,response to nitrate,167,19,1,0.13153872288145577,AT2G14210,0.34491018586733735
shoot,down,GO:0010315,auxin efflux,167,19,1,0.13153872288145577,AT3G28390,0.34491018586733735
shoot,down,GO:0007126,meiotic nuclear division,167,19,1,0.13153872288145577,AT5G63920,0.34491018586733735
shoot,down,GO:0030048,actin filament-based movement,167,19,1,0.13153872288145577,AT4G28710,0.34491018586733735
shoot,down,GO:0008284,positive regulation of cell proliferation,167,20,1,0.13796407434693495,AT5G59340,0.34491018586733735
shoot,down,NOT GO:0051603,NOT proteolysis involved in cellular protein catabolic process,167,20,1,0.13796407434693495,AT3G12230,0.34491018586733735
shoot,down,GO:0019853,L-ascorbic acid biosynthetic process,167,20,1,0.13796407434693495,AT4G26260,0.34491018586733735
hypocotyl,down,GO:0009860,pollen tube growth,71,109,1,0.29102398656367506,AT3G26870,0.34507129835407185
hypocotyl,down,GO:0009658,chloroplast organization,71,111,1,0.29549502368796027,AT3G56290,0.34543784459296767
hypocotyl,down,GO:0006869,lipid transport,71,113,1,0.2999382596281894,AT4G12550,0.3457621604047183
root,up,GO:0009789,positive regulation of abscisic acid-activated signaling pathway,211,26,1,0.21660401349852246,AT5G26920,0.3489731328587306
hypocotyl,up,GO:0016310,phosphorylation,85,467,3,0.25710043595940046,"AT4G15530,AT4G28130,AT5G03640",0.34949590513231
shoot,down,GO:0007267,cell-cell signaling,167,21,1,0.14434217011513575,AT2G19040,0.3523546353245639
shoot,down,GO:0045490,pectin catabolic process,167,92,2,0.14827250108807496,"AT2G47280,AT3G60730",0.3523546353245639
shoot,down,GO:0019748,secondary metabolic process,167,23,1,0.15695797391730573,AT3G12230,0.3523546353245639
shoot,down,GO:0016998,cell wall macromolecule catabolic process,167,23,1,0.15695797391730573,AT2G43600,0.3523546353245639
shoot,down,GO:0009960,endosperm development,167,23,1,0.15695797391730573,AT3G19700,0.3523546353245639
root,down,GO:0006629,lipid metabolic process,55,132,1,0.2758063406450181,AT2G44810,0.352419213046412
root,down,GO:0016192,vesicle-mediated transport,55,132,1,0.2758063406450181,AT4G00800,0.352419213046412
root,up,GO:0009411,response to UV,211,27,1,0.22392936484582185,AT3G50930,0.3551379770601706
root,up,GO:0010183,pollen tube guidance,211,27,1,0.22392936484582185,AT3G45640,0.3551379770601706
hypocotyl,down,GO:0007165,signal transduction,71,362,2,0.3152226405767078,"AT3G51560,AT5G45210",0.35604373660497135
hypocotyl,down,GO:0009723,response to ethylene,71,121,1,0.3174365844429865,AT1G56650,0.35604373660497135
root,up,GO:0048510,regulation of timing of transition from vegetative to reproductive phase,211,28,1,0.23118654017012322,AT1G12610,0.36100667426565397
root,up,GO:0045489,pectin biosynthetic process,211,28,1,0.23118654017012322,AT3G28340,0.36100667426565397
whole plant,up,GO:0007049,cell cycle,75,105,1,0.2952961442860713,AT4G32700,0.36469294674277597
whole plant,up,GO:0005975,carbohydrate metabolic process,75,329,2,0.29842194148277645,"AT2G04060,AT3G21370",0.36469294674277597
whole plant,up,GO:0009826,unidimensional cell growth,75,107,1,0.29998935941744476,AT5G05290,0.36469294674277597
shoot,down,GO:0019762,glucosinolate catabolic process,167,25,1,0.1693888680081103,AT2G33070,0.3653485388410222
shoot,down,GO:0005992,trehalose biosynthetic process,167,25,1,0.1693888680081103,AT4G27550,0.3653485388410222
shoot,up,GO:0016042,lipid catabolic process,58,136,1,0.29578020158956503,AT1G58430,0.36842797040103714
root,up,GO:0010268,brassinosteroid homeostasis,211,29,1,0.238376170982697,AT5G45340,0.36939208175181293
root,down,GO:0006886,intracellular protein transport,55,144,1,0.2968088923660941,AT4G00800,0.3699517400616183
root,down,GO:0035556,intracellular signal transduction,55,146,1,0.30025068758624096,AT3G46800,0.3699517400616183
root,down,GO:0032259,methylation,55,151,1,0.3087829785804788,AT4G26460,0.373789921439527
whole plant,up,GO:0006869,lipid transport,75,113,1,0.31388475104440083,AT3G47740,0.37424720316832405
root,up,GO:0006814,sodium ion transport,211,30,1,0.24549888297288638,AT5G17850,0.3747088213796687
root,up,GO:0030162,regulation of proteolysis,211,30,1,0.24549888297288638,AT1G62170,0.3747088213796687
whole plant,up,GO:0044550,secondary metabolite biosynthetic process,75,116,1,0.3207300324945264,AT1G01280,0.3751936229181252
root,down,GO:0009873,ethylene-activated signaling pathway,55,155,1,0.315535192329285,AT2G33710,0.37537807363311493
shoot,down,GO:0006284,base-excision repair,167,27,1,0.18163754651883096,AT1G75090,0.3753887723260292
shoot,down,GO:0007059,chromosome segregation,167,27,1,0.18163754651883096,AT5G63920,0.3753887723260292
shoot,down,GO:0042391,regulation of membrane potential,167,28,1,0.1876943861630146,AT3G02850,0.3753887723260292
shoot,down,GO:0010540,basipetal auxin transport,167,28,1,0.1876943861630146,AT3G28390,0.3753887723260292
root,up,GO:0016132,brassinosteroid biosynthetic process,211,31,1,0.25255529606152244,AT5G45340,0.3797683340776967
root,up,GO:0009567,double fertilization forming a zygote and endosperm,211,31,1,0.25255529606152244,AT5G18000,0.3797683340776967
shoot,down,GO:0048825,cotyledon development,167,29,1,0.19370666456175484,AT5G59340,0.3804952339605899
root,down,GO:0009416,response to light stimulus,55,161,1,0.32554225658508124,AT1G44090,0.3807189102435696
whole plant,up,GO:0009723,response to ethylene,75,121,1,0.33198939654763526,AT5G39610,0.3811730108509886
hypocotyl,up,GO:0006413,translational initiation,85,89,1,0.2854882444616005,AT2G39820,0.38211503489475757
shoot,down,GO:0048544,recognition of pollen,167,30,1,0.19967470759952544,AT1G61490,0.3853371550166281
hypocotyl,up,GO:0045490,pectin catabolic process,85,92,1,0.29355513403039657,AT1G11370,0.3869590403127955
root,up,GO:0006623,protein targeting to vacuole,211,32,1,0.2595460244538547,AT1G09070,0.38741061003038607
hypocotyl,up,GO:0009617,response to bacterium,85,96,1,0.30417113338285173,AT1G18570,0.38916012653394266
hypocotyl,up,GO:0009813,flavonoid biosynthetic process,85,96,1,0.30417113338285173,AT2G43820,0.38916012653394266
root,up,GO:0009826,unidimensional cell growth,211,107,2,0.2639999331749842,"AT3G45960,AT3G45970",0.39118238273373573
shoot,up,GO:0009651,response to salt stress,58,448,2,0.3199023402993432,"AT3G21780,AT5G49450",0.3916045889871271
root,up,GO:0016032,viral process,211,33,1,0.26647167669199623,AT5G24590,0.3919836983222843
hypocotyl,up,GO:0007275,multicellular organism development,85,300,2,0.3118796177960492,"AT3G30290,AT5G17430",0.39323951809067076
root,down,GO:0009738,abscisic acid-activated signaling pathway,55,174,1,0.3467340131345265,AT1G15100,0.3987441151047055
root,up,GO:0009639,response to red or far red light,211,34,1,0.2733328557068911,AT5G45340,0.3991839547374021
root,up,GO:0071281,cellular response to iron ion,211,35,1,0.2801301588698044,AT4G11280,0.40046776232795983
root,up,GO:0010286,heat acclimation,211,35,1,0.2801301588698044,AT5G05410,0.40046776232795983
root,up,GO:0002229,defense response to oomycetes,211,35,1,0.2801301588698044,AT5G26920,0.40046776232795983
shoot,down,GO:0044550,secondary metabolite biosynthetic process,167,116,2,0.21167592954873396,"AT3G26330,AT3G52970",0.4014543491441506
root,down,GO:0009611,response to wounding,55,180,1,0.35629298837599344,AT2G44810,0.4030199376712057
root,up,GO:0010029,regulation of seed germination,211,36,1,0.28686417804334924,AT1G60190,0.40629508643723855
root,up,GO:0006970,response to osmotic stress,211,114,2,0.2882093223988293,"AT1G61340,AT3G45640",0.40629508643723855
root,up,GO:0009615,response to virus,211,37,1,0.29353549963203707,AT5G24590,0.4109496994848519
root,up,GO:0001666,response to hypoxia,211,38,1,0.3001447046323756,AT1G35140,0.41732448657789206
hypocotyl,up,GO:0015979,photosynthesis,85,109,1,0.3375960780566851,AT4G15530,0.41958369701330867
hypocotyl,up,GO:0045892,"negative regulation of transcription, DNA-templated",85,111,1,0.3425955570279135,AT4G38620,0.41980018959758414
hypocotyl,up,GO:0006869,lipid transport,85,113,1,0.34755774315209176,AT5G52160,0.41996560630877755
whole plant,down,GO:0007165,signal transduction,32,362,1,0.40386088049753327,AT4G36450,0.4200153157174346
root,up,GO:0010311,lateral root formation,211,40,1,0.31317906211138036,AT3G59420,0.4324853714871443
root,up,GO:0000160,phosphorelay signal transduction system,211,41,1,0.31960534998750545,AT3G56380,0.43837760842880813
shoot,down,GO:0071805,potassium ion transmembrane transport,167,37,1,0.24023929986825962,AT3G02850,0.44043871642514265
shoot,down,GO:0009911,positive regulation of flower development,167,37,1,0.24023929986825962,AT4G25530,0.44043871642514265
shoot,down,GO:0031047,gene silencing by RNA,167,39,1,0.251449115464771,AT4G25530,0.4436896415272215
shoot,down,GO:0009832,plant-type cell wall biogenesis,167,40,1,0.2569922157537645,AT5G50750,0.4436896415272215
shoot,down,GO:0030244,cellulose biosynthetic process,167,40,1,0.2569922157537645,AT5G50750,0.4436896415272215
shoot,down,GO:0009834,plant-type secondary cell wall biogenesis,167,41,1,0.2624945127680485,AT4G10350,0.4436896415272215
shoot,down,GO:0016310,phosphorylation,167,467,5,0.2640786669551046,"AT1G29230,AT1G66930,AT3G11870,AT5G59260,AT5G60080",0.4436896415272215
shoot,down,GO:0016042,lipid catabolic process,167,136,2,0.2662137849163329,"AT1G71691,AT3G09930",0.4436896415272215
root,up,GO:0048767,root hair elongation,211,42,1,0.32597179216722305,AT3G62720,0.4441092202009817
root,up,GO:0048481,plant ovule development,211,43,1,0.3322789433425621,AT3G45640,0.44670612912940466
root,up,GO:0016049,cell growth,211,43,1,0.3322789433425621,AT1G12610,0.44670612912940466
shoot,up,GO:0045893,"positive regulation of transcription, DNA-templated",58,181,1,0.3732214034185993,AT5G49450,0.4491308414020432
root,up,GO:0016311,dephosphorylation,211,44,1,0.33852735308864695,AT2G32770,0.44915720703918516
root,up,GO:0008219,cell death,211,44,1,0.33852735308864695,AT3G50930,0.44915720703918516
root,up,GO:0007169,transmembrane receptor protein tyrosine kinase signaling pathway,211,130,2,0.343073717172343,"AT2G07040,AT2G31880",0.45223353627263396
shoot,down,GO:0006865,amino acid transport,167,44,1,0.2787595589265795,AT1G44800,0.45477822133262724
shoot,down,GO:0048527,lateral root development,167,45,1,0.2841016068114097,AT2G14210,0.45477822133262724
shoot,down,GO:0016051,carbohydrate biosynthetic process,167,46,1,0.28940432266621735,AT1G09350,0.45477822133262724
shoot,down,GO:0009631,cold acclimation,167,46,1,0.28940432266621735,AT2G21490,0.45477822133262724
root,up,GO:0016051,carbohydrate biosynthetic process,211,46,1,0.35085012129047066,AT3G28340,0.4565549655254202
root,up,GO:0000209,protein polyubiquitination,211,46,1,0.35085012129047066,AT3G46620,0.4565549655254202
shoot,up,GO:0009908,flower development,58,190,1,0.3876733845029683,AT1G69490,0.45874683832851243
hypocotyl,up,GO:0045454,cell redox homeostasis,85,131,1,0.3905839434315041,AT1G28480,0.46021820248428663
hypocotyl,up,GO:0007165,signal transduction,85,362,2,0.39624238451702976,"AT5G18350,AT5G45240",0.46021820248428663
hypocotyl,up,GO:0009737,response to abscisic acid,85,363,2,0.39756907825040844,"AT1G18570,AT5G27420",0.46021820248428663
hypocotyl,up,GO:0016042,lipid catabolic process,85,136,1,0.4020296941242044,AT2G30550,0.46021820248428663
root,up,GO:0009910,negative regulation of flower development,211,47,1,0.3569255537325958,AT1G13260,0.4615024675650762
hypocotyl,down,GO:0009738,abscisic acid-activated signaling pathway,71,174,1,0.42295060376409593,AT5G45830,0.46806533483226614
hypocotyl,down,GO:0009611,response to wounding,71,180,1,0.4338312648698208,AT5G13930,0.46956973700120536
hypocotyl,down,GO:0045893,"positive regulation of transcription, DNA-templated",71,181,1,0.435624936736058,AT3G56290,0.46956973700120536
whole plant,up,GO:0006508,proteolysis,75,429,2,0.4181318778174934,"AT1G06260,AT4G16563",0.4713486622669925
shoot,down,GO:0008152,metabolic process,167,150,2,0.3044790097316981,"AT1G20480,AT1G31070",0.47172804324629286
root,up,GO:0051707,response to other organism,211,50,1,0.37481438477659,AT3G02840,0.4815653171496695
whole plant,up,GO:0009651,response to salt stress,75,448,2,0.43982416501935173,"AT3G21370,AT5G39610",0.48452603033143343
whole plant,up,GO:0009735,response to cytokinin,75,181,1,0.453552747743808,AT5G65800,0.48452603033143343
whole plant,up,GO:0045893,"positive regulation of transcription, DNA-templated",75,181,1,0.453552747743808,AT4G28500,0.48452603033143343
whole plant,up,GO:0016310,phosphorylation,75,467,2,0.46108122241217053,"AT1G51810,AT3G46370",0.48452603033143343
root,up,GO:0009846,pollen germination,211,51,1,0.3806665725593923,AT2G07040,0.48600826559469584
whole plant,down,GO:0016310,phosphorylation,32,467,1,0.48772784063647473,AT5G24080,0.48772784063647473
hypocotyl,up,GO:0008152,metabolic process,85,150,1,0.432959767683608,AT5G58830,0.48918830894121945
root,up,GO:0009644,response to high light intensity,211,52,1,0.38646423685353415,AT1G27730,0.4903265005079215
root,up,GO:0006886,intracellular protein transport,211,144,2,0.3899646027926816,"AT1G61290,AT3G52400",0.4914703722147835
root,up,GO:0009736,cytokinin-activated signaling pathway,211,53,1,0.3922078832452952,AT3G56380,0.4914703722147835
shoot,down,GO:0006397,mRNA processing,167,157,2,0.32349587003614966,"AT1G60210,AT3G11870",0.4942298014441175
hypocotyl,up,GO:0009873,ethylene-activated signaling pathway,85,155,1,0.44361858597530307,AT1G06160,0.4948053458955303
root,up,GO:0042538,hyperosmotic salinity response,211,54,1,0.3978980126549696,AT5G59820,0.4955416967420787
shoot,down,GO:0006281,DNA repair,167,159,2,0.32890675540244646,"AT1G75090,AT5G63920",0.4956129190995769
shoot,down,GO:0009416,response to light stimulus,167,161,2,0.3343060366701229,"AT1G60980,AT1G78440",0.49694140586099345
root,up,GO:0006812,cation transport,211,55,1,0.40353512137972486,AT5G17850,0.4994977417078301
root,up,GO:0006486,protein glycosylation,211,56,1,0.4091197011360642,AT3G62720,0.5009132875553877
root,up,GO:0008152,metabolic process,211,150,2,0.40961382135071106,"AT1G68620,AT3G59420",0.5009132875553877
root,up,GO:0016036,cellular response to phosphate starvation,211,58,1,0.42013321795828096,AT2G47190,0.5107008577576709
root,down,GO:0009733,response to auxin,55,256,1,0.4661124103556831,AT3G03840,0.5187380050732603
shoot,down,GO:0009664,plant-type cell wall organization,167,59,1,0.35488857648159056,AT3G54580,0.5205032455063329
shoot,down,GO:0006813,potassium ion transport,167,60,1,0.35966993666832797,AT3G02850,0.5205749083357378
root,down,GO:0030154,cell differentiation,55,264,1,0.4765414245676474,AT5G60910,0.5206887812961573
root,down,GO:0071555,cell wall organization,55,269,1,0.4829577101877401,AT1G05650,0.5206887812961573
root,up,GO:0006813,potassium ion transport,211,60,1,0.430942406829729,AT5G17850,0.5207220749192559
root,up,GO:0007165,signal transduction,211,362,4,0.4385529756767434,"AT1G72920,AT3G45640,AT4G13810,AT5G58120",0.5267825684164432
hypocotyl,down,GO:0006511,ubiquitin-dependent protein catabolic process,71,218,1,0.4981938275255017,AT5G53840,0.5301293292899569
root,up,GO:0009416,response to light stimulus,211,161,2,0.44480958462152564,"AT1G66180,AT5G59820",0.5303895081547446
root,up,GO:0006857,oligopeptide transport,211,63,1,0.44678130982493264,AT5G19640,0.5303895081547446
shoot,down,GO:0007275,multicellular organism development,167,300,3,0.38261868253286313,"AT1G22090,AT4G10350,AT4G25530",0.5325730271544505
shoot,down,GO:0009735,response to cytokinin,167,181,2,0.38749089163296496,"AT1G74890,AT5G62920",0.5325730271544505
shoot,down,GO:0006508,proteolysis,167,429,4,0.3915753247762726,"AT1G31450,AT3G12230,AT3G22570,AT3G46860",0.5325730271544505
shoot,down,GO:0009740,gibberellic acid mediated signaling pathway,167,67,1,0.3921674109046408,AT1G60980,0.5325730271544505
shoot,down,GO:0009620,response to fungus,167,67,1,0.3921674109046408,AT2G17310,0.5325730271544505
root,up,GO:0009809,lignin biosynthetic process,211,65,1,0.4570960346583022,AT1G76470,0.5392116228195571
root,up,GO:0071555,cell wall organization,211,269,3,0.4607687242836202,"AT2G27500,AT3G28340,AT4G25810",0.5392116228195571
root,up,GO:0009553,embryo sac development,211,66,1,0.46218139098819183,AT5G18000,0.5392116228195571
root,down,GO:0009409,response to cold,55,291,1,0.510284020671269,AT3G22840,0.5416861142510393
hypocotyl,up,GO:0009611,response to wounding,85,180,1,0.49401377472693286,AT2G34600,0.5440404860916855
root,down,GO:0007275,multicellular organism development,55,300,1,0.5210496834680056,AT4G27890,0.5447337599892786
shoot,up,GO:0006457,protein folding,58,248,1,0.47325986280900834,AT3G13310,0.5508434468760589
shoot,up,GO:0042742,defense response to bacterium,58,259,1,0.4881103940619198,AT3G45860,0.5515909515072688
shoot,up,GO:0009414,response to water deprivation,58,260,1,0.4894398583796892,AT3G15500,0.5515909515072688
shoot,up,GO:0071555,cell wall organization,58,269,1,0.5012533481577547,AT2G15880,0.5531633659936164
shoot,up,GO:0006979,response to oxidative stress,58,273,1,0.5064171660504939,AT5G20250,0.5531633659936164
root,up,GO:0042545,cell wall modification,211,69,1,0.4771547517236112,AT1G53840,0.553499511999389
hypocotyl,up,GO:0009908,flower development,85,190,1,0.5128841948731538,AT3G10570,0.5577615619245548
root,down,GO:0015031,protein transport,55,321,1,0.5452740678950468,AT4G34580,0.5615509057426601
root,up,GO:0042787,protein ubiquitination involved in ubiquitin-dependent protein catabolic process,211,72,1,0.49171316126730835,AT3G46620,0.5671464303253614
shoot,up,GO:0009409,response to cold,58,291,1,0.5290115607844846,AT5G20250,0.5690881941772487
hypocotyl,up,GO:0055085,transmembrane transport,85,203,1,0.5363793558778365,AT2G16980,0.5761111600169355
shoot,down,GO:0055085,transmembrane transport,167,203,2,0.443758592033138,"AT3G28390,AT5G52860",0.5952859161420144
root,up,GO:0040008,regulation of growth,211,78,1,0.5196305970869898,AT2G20430,0.5959605153031577
hypocotyl,up,GO:0006511,ubiquitin-dependent protein catabolic process,85,218,1,0.562100154277799,AT3G25650,0.5963745539288844
root,up,GO:0016569,covalent chromatin modification,211,79,1,0.5241327933298113,AT1G03770,0.5977469496963579
root,up,GO:0010150,leaf senescence,211,80,1,0.5285929914733531,AT1G73500,0.5979961638190336
root,up,GO:0006810,transport,211,299,3,0.5309366561607199,"AT2G22500,AT4G24570,AT5G19640",0.5979961638190336
root,up,GO:0007275,multicellular organism development,211,300,3,0.5331886977893846,"AT3G49530,AT5G24590,AT5G45340",0.5979961638190336
root,up,GO:0043161,proteasome-mediated ubiquitin-dependent protein catabolic process,211,82,1,0.537388949559748,AT3G46620,0.5993953668166421
hypocotyl,down,GO:0071555,cell wall organization,71,269,1,0.5733653558427222,AT1G48100,0.6023965131005816
shoot,up,GO:0005975,carbohydrate metabolic process,58,329,1,0.5734249079157301,AT5G20250,0.6067837495363498
shoot,up,GO:0046686,response to cadmium ion,58,336,1,0.5811449995559407,AT4G37260,0.6067837495363498
root,down,GO:0006412,translation,55,373,1,0.600199963106398,AT2G16360,0.6090264331520804
whole plant,up,GO:0071555,cell wall organization,75,269,1,0.5933888253462117,AT5G36870,0.6131684528577522
root,up,GO:0055085,transmembrane transport,211,203,2,0.5674611738555434,"AT4G24570,AT5G17850",0.6294787884845645
shoot,down,GO:0009058,biosynthetic process,167,88,1,0.48014540353235124,AT1G08990,0.6338139309800203
shoot,down,GO:0006413,translational initiation,167,89,1,0.4840033654756518,AT2G39240,0.6338139309800203
hypocotyl,up,GO:0006457,protein folding,85,248,1,0.609385056222864,AT1G59725,0.6387530107396285
root,up,GO:0045490,pectin catabolic process,211,92,1,0.5789779089616542,AT1G53840,0.6387636713000859
hypocotyl,up,GO:0042742,defense response to bacterium,85,259,1,0.6254274493474019,AT1G18570,0.6416026322080443
hypocotyl,up,GO:0009414,response to water deprivation,85,260,1,0.6268531464101582,AT5G05410,0.6416026322080443
shoot,down,GO:0007165,signal transduction,167,362,3,0.5024381191883038,"AT1G29230,AT1G77730,AT5G26900",0.6502140365966285
shoot,down,GO:0009617,response to bacterium,167,96,1,0.5102237821629326,AT2G17310,0.6526118143944487
shoot,up,GO:0016567,protein ubiquitination,58,393,1,0.639103109283389,AT3G59940,0.6576278370887045
root,up,GO:0009739,response to gibberellin,211,98,1,0.6021224430874101,AT1G49010,0.6607073294418608
root,down,GO:0009651,response to salt stress,55,448,1,0.6681233330399802,AT1G15100,0.6681233330399802
shoot,up,GO:0009793,embryo development ending in seed dormancy,58,426,1,0.6689752660083481,AT2G03850,0.6785320555227531
shoot,down,GO:0009826,unidimensional cell growth,167,107,1,0.5487763705292004,AT1G60980,0.693855181128874
shoot,down,GO:0016567,protein ubiquitination,167,393,3,0.5578386763698877,"AT2G17310,AT3G61390,AT5G26900",0.6972983454623596
root,up,GO:0015979,photosynthesis,211,109,1,0.6413143216513784,AT1G27730,0.6998405344054357
root,up,GO:0048366,leaf development,211,110,1,0.6446806893291451,AT1G13260,0.6998405344054357
shoot,down,GO:0006869,lipid transport,167,113,1,0.568517598841291,AT3G22570,0.7026622008150788
shoot,up,GO:0016310,phosphorylation,58,467,1,0.7027216097500715,AT3G57120,0.7027216097500715
whole plant,up,GO:0007165,signal transduction,75,362,1,0.7028576327998334,AT5G46520,0.703860182511472
whole plant,up,GO:0009737,response to abscisic acid,75,363,1,0.703860182511472,AT5G39610,0.703860182511472
hypocotyl,down,GO:0009737,response to abscisic acid,71,363,1,0.6839699250182517,AT3G30210,0.7096187972064362
root,up,GO:0006633,fatty acid biosynthetic process,211,114,1,0.6578346102600277,AT5G42650,0.7103214142701363
root,up,GO:0044550,secondary metabolite biosynthetic process,211,116,1,0.6642286680628944,AT4G22710,0.7134307916231089
shoot,down,GO:0009723,response to ethylene,167,121,1,0.5935098827894386,AT1G53940,0.7174295286465742
shoot,down,GO:0010200,response to chitin,167,121,1,0.5935098827894386,AT1G64380,0.7174295286465742
hypocotyl,up,GO:0005975,carbohydrate metabolic process,85,329,1,0.7133020234593239,AT3G47540,0.7208784399933206
hypocotyl,up,GO:0046686,response to cadmium ion,85,336,1,0.7208784399933206,AT4G25200,0.7208784399933206
shoot,down,GO:0080167,response to karrikin,167,128,1,0.614194481626359,AT5G59340,0.734362967161951
root,up,GO:0080167,response to karrikin,211,128,1,0.7001711371384389,AT4G27280,0.7471542506669422
root,up,GO:0046777,protein autophosphorylation,211,129,1,0.7029874969329357,AT1G73500,0.7471542506669422
root,up,GO:0045454,cell redox homeostasis,211,131,1,0.7085414700455577,AT1G28480,0.7491349917669178
hypocotyl,down,GO:0009793,embryo development ending in seed dormancy,71,426,1,0.7417312895657119,AT4G10560,0.7600456423944949
hypocotyl,down,GO:0009651,response to salt stress,71,448,1,0.7593406449502196,AT1G56650,0.7686008967179052
shoot,down,GO:0009751,response to salicylic acid,167,141,1,0.649872101229948,AT1G53940,0.76866592618596
shoot,down,GO:0035556,intracellular signal transduction,167,146,1,0.6627034942249952,AT4G14980,0.7702467687694546
shoot,down,GO:0009753,response to jasmonic acid,167,147,1,0.6652131184827109,AT1G53940,0.7702467687694546
hypocotyl,down,GO:0016310,phosphorylation,71,467,1,0.77359225717016,AT2G14510,0.77359225717016
root,up,GO:0048364,root development,211,142,1,0.7372910514360475,AT3G59420,0.7754926603187441
shoot,down,GO:0009873,ethylene-activated signaling pathway,167,155,1,0.6846332314881411,AT1G64380,0.7790501998449824
shoot,down,GO:0009734,auxin-activated signaling pathway,167,156,1,0.6869806307723936,AT3G24280,0.7790501998449824
root,up,GO:0035556,intracellular signal transduction,211,146,1,0.7470302051216243,AT3G08720,0.7816862455654111
root,up,GO:0009793,embryo development ending in seed dormancy,211,426,3,0.762932208943174,"AT2G36640,AT3G59420,AT3G61780",0.7942319918741761
shoot,down,GO:0006357,regulation of transcription from RNA polymerase II promoter,167,170,1,0.7180773698853533,AT1G43330,0.8060052110958048
shoot,down,GO:0009611,response to wounding,167,180,1,0.7383899367724345,AT3G46860,0.8143733135033078
shoot,down,GO:0045893,"positive regulation of transcription, DNA-templated",167,181,1,0.740339375912098,AT4G10350,0.8143733135033078
shoot,down,GO:0009737,response to abscisic acid,167,363,2,0.7519485350408612,"AT2G21490,AT3G02850",0.8144658050205402
shoot,down,GO:0009908,flower development,167,190,1,0.7572471121818554,AT1G60980,0.8144658050205402
shoot,down,GO:0051301,cell division,167,193,1,0.7626361628828695,AT5G26900,0.8144658050205402
root,up,GO:0005975,carbohydrate metabolic process,211,329,2,0.8150041764741709,"AT1G09890,AT2G27500",0.8432081503128365
root,up,GO:0009735,response to cytokinin,211,181,1,0.8182857419292058,AT1G78820,0.8432081503128365
root,up,GO:0009908,flower development,211,190,1,0.8331192033680886,AT1G19180,0.854157567089505
shoot,down,GO:0009793,embryo development ending in seed dormancy,167,426,2,0.8258667043583771,"AT1G22090,AT2G33160",0.8735128603790526
shoot,down,GO:0009733,response to auxin,167,256,1,0.8519650267042831,AT3G24280,0.8765298768194977
shoot,down,GO:0042742,defense response to bacterium,167,259,1,0.8552610032205626,AT1G53940,0.8765298768194977
shoot,down,GO:0009414,response to water deprivation,167,260,1,0.8563433698900131,AT2G21490,0.8765298768194977
shoot,down,GO:0030154,cell differentiation,167,264,1,0.8605929699682342,AT1G43330,0.8765298768194977
shoot,down,GO:0006979,response to oxidative stress,167,273,1,0.8697031701023714,AT1G09350,0.8776820982684482
root,up,GO:0006412,translation,211,373,2,0.8658264634148685,"AT2G22500,AT4G24570",0.8832300104181824
shoot,down,GO:0009409,response to cold,167,291,1,0.8861857762496692,AT1G09350,0.8861857762496692
root,up,GO:0006457,protein folding,211,248,1,0.9036803073322396,AT3G13310,0.9172355119422232
root,up,GO:0015031,protein transport,211,321,1,0.9518709958608871,AT1G13340,0.9613423490535328
root,up,GO:0006508,proteolysis,211,429,1,0.9828283996348172,AT1G66180,0.9876938867617222
root,up,GO:0016310,phosphorylation,211,467,1,0.9880655653487405,AT5G35580,0.9880655653487406
